Suburb,Total
Aarons Pass,4
Abbotsbury,121
Abbotsford,158
Abercrombie,41
Abercrombie River,6
Aberdare,271
Aberdeen,152
Aberfoyle,6
Aberglasslyn,304
Abernethy,14
Abington,1
Acacia Creek,1
Acacia Gardens,60
Adaminaby,19
Adamstown,656
Adjungbilly,7
Afterlee,1
Agnes Banks,54
Airds,772
Akolele,19
Albert,16
Albion Park,515
Albury,2184
Aldavilla,22
Alectown,6
Alexandria,1190
Alfords Point,76
Alfredtown,0
Alice,0
Alison (Central Coast),11
Alison (Dungog),2
Allambie Heights,104
Allandale,7
Allawah,164
Alleena,5
Allgomera,5
Allworth,11
Allynbrook,8
Alma Park,3
Alpine,6
Alstonvale,21
Alstonville,254
Alumy Creek,6
Amaroo,0
Amosfield,0
Anabranch North,0
Anabranch South,3
Anambah,1
Ando,0
Anembo,3
Angledale,15
Angledool,1
Anglers Reach,5
Angourie,12
Anna Bay,248
Annandale,489
Annangrove,48
Appin,152
Apple Tree Flat,0
Appleby,5
Appletree Flat,1
Apsley,1
Arable,1
Araluen,13
Aratula,0
Arcadia,22
Arcadia Vale,33
Ardglen,3
Arding,7
Ardlethan,33
Argalong,4
Argenton,159
Argents Hill,16
Argoon,1
Ariah Park,15
Arkell,1
Arkstone,2
Armatree,24
Arncliffe,627
Arndell Park,100
Arrawarra,31
Arrawarra Headland,18
Artarmon,444
Arthurville,0
Arumpo,1
Ashbury,82
Ashby,1
Ashby Heights,6
Ashby Island,0
Ashcroft,377
Ashfield,1993
Ashford,58
Ashley,18
Ashtonfield,132
Asquith,162
Atholwood,4
Attunga,36
Auburn,2870
Auburn Vale,0
Austinmer,59
Austral Eden,2
Avalon Beach,283
Avisford,0
Avoca,4
Avoca Beach,151
Avon,0
Avonside,7
Aylmerton,2
Baan Baa,12
Babinda,0
Babyl Creek,2
Back Creek (Bland),2
Back Creek (Gwydir),0
Back Creek (Mid-Coast),2
Back Creek (Queanbeyan-Palerang Regional),1
Back Creek (Tenterfield),1
Back Creek (Tweed),7
Back Forest,3
Backmede,2
Backwater,7
Badja,3
Baerami,2
Baerami Creek,0
Bagnoo,2
Bago,0
Bagotville,0
Bakers Creek (Mid-Coast),2
Bakers Creek (Nambucca),3
Bakers Creek (Uralla),0
Bakers Swamp,2
Balaclava,13
Balala,7
Balcolyn,32
Bald Blair,0
Bald Hills,0
Bald Nob,1
Bald Ridge,3
Baldersleigh,2
Baldry,3
Balfours Peak,0
Balgowlah,261
Balgowlah Heights,58
Balgownie,163
Balickera,1
Balladoran,3
Ballalaba,1
Balldale,10
Ballengarra,1
Ballimore,5
Balmain,663
Balmain East,95
Balmoral (Lake Macquarie),17
Balmoral (Wingecarribee),14
Balranald,129
Bamarang,3
Bandon Grove,2
Bangadang,0
Bangalee,23
Bangalow,94
Bangheet,0
Bango,1
Bangor,110
Banksia,229
Banksmeadow,53
Bankstown,6669
Bankstown Aerodrome,99
Bannaby,9
Bannister,4
Banoon,1
Banora Point,522
Banyabba,5
Bar Beach,176
Bar Point,22
Bara,0
Baradine,87
Barangaroo,72
Barcoongere,32
Barden Ridge,108
Bardia,62
Bardwell Park,159
Bardwell Valley,68
Barellan,40
Bargo,215
Barham,96
Barigan,0
Barkers Vale,6
Barmedman,28
Barneys Reef,0
Barnsley,79
Barooga,70
Barraba,105
Barrack Heights,432
Barrack Point,28
Barraganyatti,7
Barragga Bay,3
Barratta,1
Barren Grounds,0
Barrengarry,9
Barretts Creek,1
Barringella,3
Barrington,5
Barrington Tops,2
Barry (Blayney),6
Barwang,3
Barwon,0
Baryulgil,6
Basin View,41
Bassendean,0
Batar Creek,2
Bateau Bay,832
Batehaven,228
Batemans Bay,839
Bathampton,2
Batlow,162
Baulkham Hills,1230
Baw Baw,5
Bawley Point,32
Baxters Ridge,0
Bayview,65
Beacon Hill,146
Beaconsfield,47
Bean Creek,7
Bearbong,2
Beaumont,8
Beaumont Hills,146
Beckom,3
Bective,11
Bectric,0
Bedgerabong,6
Beechwood,18
Beecroft,228
Beecroft Peninsula,4
Beelbangera,22
Beemunnel,1
Bega,598
Beggan Beggan,0
Belanglo,4
Belbora,0
Belfield,208
Belford,22
Belfrayden,2
Belgravia,4
Belimbla Park,25
Bell,12
Bella Vista,250
Bellangry,3
Bellawongarah,1
Bellbird,138
Bellbrook,15
Bellevue Hill,282
Bellimbopinni,1
Bellingen,274
Bellmount Forest,0
Belltrees,1
Belmont,972
Belmont North,331
Belmont South,85
Belmore,987
Belmore River,8
Beloka,0
Belowra,1
Belrose,213
Bemboka,15
Ben Bullen,8
Ben Lomond,1
Benandarah,8
Bendalong,24
Bendemeer,27
Bendick Murrell,3
Bendolba,7
Bendoura,2
Benerembah,6
Bengalla,5
Bennetts Green,51
Benolong,2
Bensville,72
Bentley,13
Berala,370
Berambing,2
Bergalia,3
Berkeley,676
Berkeley Vale,446
Berkshire Park,161
Berlang,0
Bermagui,129
Berowra,350
Berowra Creek,0
Berowra Heights,55
Berowra Waters,10
Berrambool,22
Berrara,6
Berremangra,0
Berrico,1
Berridale,51
Berrigal,1
Berrigan,56
Berrilee,8
Berrima,22
Berringer Lake,0
Berry,139
Berry Jerry,4
Berry Mountain,1
Berry Park,2
Berthong,0
Beryl,0
Bethungra,16
Bevendale,3
Beverley Park,103
Beverly Hills,600
Bewong,2
Bexley,581
Bexley North,204
Biala,2
Bibbenluke,3
Biddon,3
Bidgeemia,2
Bidwill,784
Bielsdown Hills,2
Big Hill,0
Big Jacks Creek,0
Big Ridge,0
Big Springs,7
Bigga,17
Bilambil,26
Bilambil Heights,77
Bilbul,17
Bilgola Beach,9
Bilgola Plateau,52
Billeroy,0
Billilingra,0
Billimari,1
Billinudgel,46
Billys Creek,3
Billywillinga,4
Bilpin,30
Bimbi,2
Bimbimbie,8
Binalong,10
Binda,2
Bindera,0
Bingara,108
Bingeebeebra Creek,0
Bingie,7
Bingleburra,1
Biniguy,2
Binjura,4
Binna Burra,10
Binnaway,112
Binya,12
Birchgrove,166
Birdwood,3
Birganbigil,0
Birmingham Gardens,110
Birriwa,0
Birrong,528
Bithramere,7
Black Creek (Port Macquarie-Hastings),0
Black Creek (Snowy Valleys),0
Black Head,36
Black Hollow,1
Black Mountain,13
Black Range,2
Black Springs,9
Blackalls Park,127
Blackbutt,800
Blackett,549
Blackheath,178
Blackmans Flat,2
Blackmans Point,22
Blacksmiths,152
Blackville,1
Blackwall,165
Blair Athol,74
Blairmount,29
Blakebrook,2
Blakehurst,203
Blakney Creek,0
Bland,3
Blandford,5
Blaxland,480
Blaxlands Creek,3
Blaxlands Ridge,11
Bligh Park,286
Blighty,12
Blowering,15
Blue Bay,101
Blue Haven,365
Blue Knob,15
Blue Mountains National Park,138
Blue Nobby,0
Blue Vale,1
Blueys Beach,11
Boambee,89
Boambee East,231
Boambolo,1
Boat Harbour (Lismore),1
Boat Harbour (Port Stephens),61
Bobadah,0
Bobin,4
Bobs Creek,0
Bobs Farm,25
Bobundara,1
Boco,1
Bocoble,5
Bocobra,0
Bodalla,47
Bodangora,4
Boeill Creek,12
Bogan,0
Bogan Gate,21
Bogangar,105
Bogee,8
Boggabilla,451
Boggabri,109
Bogong Peaks Wilderness,0
Bohena Creek,12
Bohnock,2
Bolaro,2
Bolivia,3
Bolong,11
Bolton Point,164
Bolwarra,13
Bolwarra Heights,47
Bom Bom,0
Bomaderry,604
Bombah Point,1
Bombala,58
Bombay,7
Bombira,15
Bombo,44
Bombowlee,5
Bombowlee Creek,0
Bomen,10
Bomera,0
Bonalbo,35
Bondi,639
Bondi Beach,1687
Bondi Forest,0
Bondi Junction,2642
Bonnells Bay,196
Bonnet Bay,14
Bonny Hills,63
Bonnyrigg Heights,212
Bonshaw,12
Booerie Creek,1
Book Book,0
Booker Bay,64
Bookham,6
Bookookoorara,0
Bookram,0
Boolambayte,18
Boolaroo,486
Boolcarroll,0
Booligal,5
Boolijah,0
Boomanoomana,0
Boomerang Beach,24
Boomey,0
Boomi,9
Boomi Creek,1
Boona Mount,0
Boonal,0
Boonoo Boonoo,0
Boorabee Park,3
Booragul,118
Booral,27
Boorga,1
Boorganna,0
Boorolong,0
Boorook,3
Boorooma,6
Booroorban,4
Boorowa,91
Bootawa,5
Booti Booti,0
Booyong,0
Bora Ridge,0
Borah Creek,1
Borambola,8
Border Ranges,0
Boree,0
Boree Creek,12
Borenore,9
Boro,3
Bossley Park,475
Bostobrick,9
Botany,406
Botobolar,1
Bottle Creek,1
Bouddi,10
Bourbah,1
Bourkelands,76
Bournda,4
Bournewood,0
Bow Bowing,46
Bowan Park,0
Bowen Mountain,20
Bowenfels,297
Bowling Alley Point,2
Bowman,0
Bowman Farm,1
Bowmans Creek,0
Bowna,12
Bowning,24
Bowral,704
Bowraville,127
Box Head,5
Box Hill,49
Box Ridge,2
Boxers Creek,7
Boydtown,3
Braefield,0
Braemar,24
Braemar Bay,2
Braidwood,92
Brandy Hill,9
Branxton,104
Braunstone,17
Brawboy,0
Bray Park,24
Brays Creek,1
Brayton,0
Breadalbane,4
Breakfast Creek,4
Breakfast Point,42
Bream Beach,2
Bredbo,16
Breelong,6
Breeza,4
Bretti,0
Brewarrina,398
Brewongle,5
Briarbrook,0
Bribbaree,3
Bridgman,10
Brierfield,4
Brighton-le-Sands,566
Brightwaters,29
Bril Bril,0
Brimbin,2
Brindabella,0
Brinerville,0
Bringelly,114
Bringenbrong,1
Brisbane Grove,12
Broadwater (Bega Valley),4
Broadwater (Richmond Valley),28
Broadway,1
Brobenah,4
Brocklehurst,29
Brockley,0
Brodies Plains,1
Brogans Creek,0
Brogers Creek,0
Brogo,9
Broke,33
Broken Head,24
Brombin,2
Bronte,255
Brookdale,1
Brookfield,10
Brooklana,1
Brooklet,10
Brooklyn,209
Brookong,0
Brookvale,977
Brooman,0
Brooms Head,35
Broughams Gate,0
Broughton,4
Broughton Vale,6
Broughton Village,5
Broulee,47
Brownlow Hill,51
Browns Creek,4
Browns Mountain,5
Brownsville,45
Brucedale,2
Bruie Plains,0
Bruinbun,0
Brumby Plains,0
Brundee,5
Brungle,8
Brungle Creek,0
Brunkerville,9
Brunswick Heads,200
Brushgrove,5
Brushy Creek,0
Buangla,1
Bucca Wauka,4
Buccarumbi,7
Buckajo,3
Buckaroo,1
Buckenbowra,0
Buckenderra,7
Buckendoon,1
Bucketty,1
Buckra Bendinni,1
Budawang,0
Buddabadah,0
Budden,0
Budderoo,1
Buddong,0
Budgee Budgee,4
Budgewoi,368
Budgewoi Peninsula,1
Budgong,3
Bugaldie,5
Bukalong,0
Bukkulla,2
Bulahdelah,157
Bulga,13
Bulga Forest,0
Bulgary,0
Bulla,0
Bulla Creek,0
Bullaburra,45
Bullagreen,1
Bullarah,4
Bullatale,1
Bullawa Creek,2
Bulldog,10
Bulli,451
Bulliac,1
Bullio,0
Bumbaldry,6
Bumbalong,1
Bundabah,13
Bundagen,4
Bundanoon,44
Bundarra,50
Bundeena,90
Bundella,3
Bundemar,2
Bundewallah,0
Bundook,18
Bundure,0
Bungaba,4
Bungabbee,0
Bungalora,1
Bungarby,1
Bungarribee,84
Bungawalbin,2
Bungonia,16
Bungowannah,3
Bunnaloo,8
Bunnan,11
Bunyah,12
Bunyan,9
Burcher,0
Bureen,3
Burnt Bridge,25
Burnt Yards,0
Burra (Queanbeyan-Palerang Regional),10
Burra (Snowy Valleys),0
Burra Creek,3
Burraboi,7
Burradoo,71
Burraga,12
Burragate,6
Burrandana,0
Burraneer,87
Burrangong,3
Burrapine,0
Burrawang,15
Burrell Creek,4
Burren Junction,13
Burrier,0
Burrill Lake,49
Burringbar,30
Burrinjuck,2
Burroway,10
Burrumbuttock,17
Burrundulla,12
Burwood,2446
Burwood Heights,27
Busby,377
Busbys Flat,5
Buttaba,39
Buttai,0
Butterwick,1
Buxton,74
Byabarra,5
Byangum,17
Bylong,12
Byng,4
Byrock,7
Byrrill Creek,5
Bywong,37
Cabarita,107
Cabarita Beach,38
Cabbage Tree Island (Ballina),0
Cabbage Tree Island (Mid-Coast),0
Cabramatta West,329
Cabramurra,0
Caddens,66
Cadgee,0
Cadia,1
Caffreys Flat,3
Cairncross,1
Calala,97
Calamia,0
Calderwood,11
Caldwell,2
Calga,19
Califat,0
Calimo,2
Callala Bay,75
Callala Beach,48
Calliope,1
Caloola,0
Cambalong,0
Cambewarra,8
Cambewarra Village,22
Camboon,0
Cambra,1
Cambridge Gardens,144
Cambridge Park,362
Camden,406
Camden Head,3
Camden Park,28
Camden South,125
Camellia,21
Camerons Creek,0
Camira,5
Cammeray,199
Camp Creek,0
Camperdown,1190
Campsie,2991
Campvale,24
Cams Wharf,11
Canada Bay,34
Canadian Lead,0
Canbelego,1
Candelo,24
Cangai,2
Caniaba,14
Canley Heights,583
Canobolas,22
Canoelands,2
Canonba,2
Canowindra,144
Canterbury,567
Canton Beach,106
Canyonleigh,14
Caparra,4
Capoompeta,0
Captains Flat,17
Carabost,0
Caragabal,8
Carcalgong,0
Carcoar,15
Cardiff Heights,32
Cardiff South,82
Carey Bay,43
Cargo,10
Carinda,21
Caringbah,1435
Caringbah South,232
Carlaminda,0
Carlton,467
Carnes Hill,180
Carnham,0
Carool,2
Caroona,13
Carrabolla,2
Carrai,0
Carramar,455
Carrathool,25
Carrick,10
Carrington (Mid-Coast),1
Carrington (Newcastle),168
Carrington Falls,12
Carroll,13
Carrowbrook,0
Carrs Creek,10
Carrs Island,0
Carrs Peninsula,4
Carss Park,48
Cartwrights Hill,10
Carwell,0
Cascade,1
Casino,1835
Cassilis,40
Castle Cove,34
Castle Doyle,4
Castle Hill,1631
Castle Rock,10
Castlecrag,34
Casuarina,81
Catalina,162
Cataract,28
Cathcart,0
Catherine Field,43
Catherine Hill Bay,43
Cathundral,0
Cattai,22
Cattle Creek,0
Cavan,0
Caves Beach,150
Cawdor,52
Cawongla,8
Cecil Hills,180
Cecil Park,24
Cedar Brush Creek,5
Cedar Creek (Cessnock),1
Cedar Creek (Tweed),0
Cedar Party,4
Cedar Point,5
Cells River,0
Centennial Park,437
Central Colo,1
Central Macdonald,1
Central Mangrove,16
Central Tilba,20
Chaelundi,0
Chain Valley Bay,52
Chakola,7
Chambigne,2
Charbon,12
Charles Sturt University,5
Charlestown,1435
Charleys Forest,7
Charlotte Bay,16
Charlton,0
Charmhaven,290
Chatham Valley,0
Chatsbury,1
Chatswood,3115
Chatswood West,24
Chatsworth,2
Cheero Point,2
Cheltenham,57
Cherry Tree Hill,5
Cherrybrook,246
Chester Hill,1142
Chichester,0
Chifley,155
Chilcotts Creek,0
Chilcotts Grass,7
Chillingham,14
Chinderah,277
Chinnock,0
Chippendale,799
Chipping Norton,456
Chisholm,81
Chiswick,73
Chittaway Bay,96
Chittaway Point,30
Chowan Creek,7
Chullora,95
Church Point,81
Clandulla,11
Clare,0
Claremont Meadows,180
Clarence,15
Clarendon,116
Clarenza,40
Clareville,17
Claymore,564
Clear Creek,7
Clear Range,0
Clearfield,0
Clemton Park,28
Clergate,4
Cleveland,0
Clifden,2
Cliftleigh,48
Clifton,36
Clifton Grove,23
Clontarf,58
Clouds Creek,7
Clovelly,178
Clunes,21
Clybucca,18
Clyde,158
Coal Point,43
Coalcliff,20
Coasters Retreat,18
Cobaki,9
Cobaki Lakes,5
Cobar,647
Cobar Park,1
Cobargo,37
Cobark,2
Cobbadah,7
Cobbitty,28
Cobramunga,0
Cockwhy,2
Codrington,2
Coffee Camp,2
Coggan,0
Cogra Bay,0
Coila,4
Coldstream,3
Coleambally,46
Colebee,100
Coledale,43
Colinroobie,0
Colinton,4
Collarenebri,99
Collaroy,282
Collaroy Plateau,72
Collector,12
Collendina,3
Collerina,0
Collingullie,17
Collingwood,0
Collins Creek,1
Collombatti,12
Collum Collum,0
Colly Blue,1
Colo (Bathurst Regional),0
Colo (Hawkesbury),7
Colo Heights,15
Colo Vale,32
Colongra,2
Comara,11
Combaning,2
Combara,0
Comberton,2
Comboyne,15
Come By Chance,2
Comerong Island,4
Commissioners Creek,1
Como,186
Comobella,1
Conargo,3
Concord,434
Concord West,192
Condell Park,508
Condobolin,571
Condong,12
Coneac,0
Congarinni,14
Congarinni North,7
Congewai,2
Congo,15
Conimbia,0
Coniston,610
Conjola,8
Conjola Park,11
Connells Point,51
Constitution Hill,245
Coogee,1016
Cookamidgera,3
Cookardinia,4
Cooks Gap,16
Cooks Hill,503
Cooks Myalls,0
Coolabah,19
Coolac,11
Coolagolite,7
Coolah,67
Coolamon,122
Coolangatta,9
Coolangubra,0
Coolatai,11
Coolgardie,3
Coolongolook,55
Coolringdon,5
Coolumbooka,1
Coolumburra,0
Cooma,455
Coomba Bay,3
Coomba Park,33
Coombadjha,2
Coombell,0
Coomealla,84
Coomoo Coomoo,0
Coongbar,2
Cooperabung,11
Coopernook,30
Coopers Gully,0
Coopers Shoot,9
Cooplacurripa,2
Coorabell,10
Cooranbong,279
Cootamundra,522
Cootralantra,1
Cooyal,2
Copacabana,73
Cope,10
Copeland,2
Copeton,5
Copmanhurst,7
Coppabella,0
Copperhannia,0
Coralville,9
Coramba,37
Corang,0
Corangula,0
Corbie Hill,0
Cordeaux,6
Cordeaux Heights,102
Coree,0
Coreen,2
Corindi Beach,103
Corinella,1
Corlette,205
Cornwallis,7
Corobimilla,0
Corowa,569
Corrabare,2
Corrong,0
Corrowong,0
Corunna,6
Cottage Point,7
Cottonvale,0
Cougal,3
Countegany,0
Courabyra,6
Couradda,0
Couragago,0
Coutts Crossing,30
Cow Flat,0
Cowabbie,1
Cowan,104
Cowper,10
Coxs Creek,3
Coxs Crown,0
Crabbes Creek,13
Crackenback,5
Craigie,1
Cranebrook,925
Crangan Bay,5
Craven,12
Craven Plateau,0
Crawford River,3
Crawney,2
Creewah,3
Cremorne,301
Cremorne Point,59
Crescent Head,175
Cringila,342
Croki,0
Cromer,175
Cronulla,2327
Crooble,2
Croobyar,3
Crooked Corner,3
Crookwell,71
Croppa Creek,3
Cross Roads,0
Crosslands,5
Croudace Bay,34
Crowdy Bay National Park,3
Crowdy Head,8
Crows Nest,427
Crowther,2
Croydon,328
Croydon Park,363
Crudine,4
Cryon,1
Crystal Creek,1
Cubba,0
Cudal,21
Cudgegong,12
Cudgel,3
Cudgen,30
Cudgera Creek,28
Cudmirrah,12
Culcairn,87
Cullen Bullen,35
Cullenbone,0
Cullendore,3
Cullerin,0
Cullivel,0
Culmaran Creek,1
Cumbalum,33
Cumbandry,1
Cumberland Reach,6
Cumbo,1
Cumnock,28
Cundle Flat,0
Cundletown,73
Cundumbul,0
Cunjurong Point,3
Cunningar,2
Cunninyeuk,2
Curban,5
Curl Curl,81
Curlewis,34
Curlwaa,32
Curra Creek,2
Currabubula,26
Curragh,0
Curramore,9
Currans Hill,202
Currarong,18
Currawang,3
Currawarna,11
Curraweela,0
Curricabark,0
Currowan,6
Cuttabri,3
Cuttagee,0
Dabee,2
Daceyville,105
Dairy Arm,0
Dairy Flat,2
Dairymans Plains,6
Daleys Point,26
Dalgety,17
Dalmeny,78
Dalmorton,5
Dalswinton,0
Dalton,9
Dalwood (Ballina),4
Dalwood (Singleton),2
Dandaloo,0
Dandry,1
Dangar Island,11
Dangarsleigh,0
Dangelong,0
Dapto,1205
Darawank,19
Darbalara,2
Darbys Falls,10
Dareton,197
Dargan,3
Dark Corner,1
Darkes Forest,4
Darkwood,1
Darling Point,131
Darlington (Singleton),17
Darlington (Sydney),177
Darlington Point,128
Darlow,0
Dartbrook,3
Daruka,20
Davidson,33
Davis Creek,0
Davistown,34
Dawes Point,71
Daysdale,0
Dean Park,110
Deauville,1
Debenham,1
Dee Why,1822
Deep Creek (Clarence Valley),3
Deep Creek (Kyogle),0
Deepwater,44
Deer Vale,4
Delegate,21
Delungra,30
Denhams Beach,22
Denistone,62
Denistone East,43
Denistone West,13
Denman,105
Depot Beach,0
Derriwong,2
Deua,2
Deua River Valley,7
Devils Hole,0
Dewitt,0
Dhulura,4
Dhuragoon,0
Diamond Beach,53
Diamond Head,4
Diehard,10
Diggers Camp,0
Dignams Creek,5
Dilkoon,1
Dilpurra,2
Dingo Forest,2
Dinoga,0
Dirnaseer,2
Dirty Creek,13
Dobies Bight,3
Doctor George Mountain,0
Doctors Gap,0
Dog Rocks,0
Dolans Bay,7
Dolls Point,38
Dollys Flat,3
Dolphin Point,6
Dombarton,4
Donald Creek,0
Dondingalong,61
Doon Doon,8
Doonbah,2
Dooralong,11
Dorrigo,63
Dorrigo Mountain,2
Dorroughby,4
Double Bay,541
Doubtful Creek,5
Douglas Park,71
Dover Heights,69
Downside,6
Doyalson,110
Doyalson North,22
Doyles Creek,3
Doyles River,0
Drildool,0
Dripstone,1
Drummoyne,534
Dry Creek,1
Dry Plain,1
Duck Creek,1
Duckenfield,0
Duckmaloi,0
Dudley,106
Duffys Forest,15
Dulwich Hill,844
Dum Dum,8
Dumaresq,3
Dumaresq Island,1
Dumaresq Valley,0
Dunbible,20
Dunbogan,47
Duncans Creek,1
Dundas,171
Dundas Valley,238
Dundee,3
Dundurrabin,2
Dunedoo,97
Dungarubba,1
Dungay,6
Dungeree,0
Dungog,148
Dunkeld,1
Dunmore,57
Dunolly,26
Dunoon,18
Duns Creek,8
Dunville Loop,0
Dural (Hornsby),297
Dural (Singleton),0
Duramana,6
Duranbah,16
Duri,14
Duroby,0
Durran Durra,5
Durras North,5
Durren Durren,2
Duval,1
Dyers Crossing,11
Dyraaba,0
Dyrring,3
Eagleton,14
Earlwood,545
East Ballina,184
East Branxton,50
East Coraki,3
East Corrimal,217
East Gosford,260
East Hills,304
East Jindabyne,13
East Kangaloon,4
East Kempsey,116
East Killara,51
East Kurrajong,35
East Lindfield,46
East Lismore,340
East Lynne,4
East Ryde,46
East Seaham,11
East Tamworth,293
East Wagga Wagga,175
East Wardell,6
Eastern Creek,372
Eastgardens,490
Eastlakes,475
Eastwood,788
Eatonsville,15
Ebenezer,32
Ebor,21
Eccleston,3
Edderton,1
Eden Creek,7
Edenville,0
Edgecliff,306
Edgeroi,4
Edith,1
Edmondson Park,254
Edrom,0
Eglinton,77
Eighteen Mile,0
Elands,26
Elanora Heights,93
Elcombe,0
Elderslie (Camden),279
Elderslie (Singleton),2
Eleebana,143
Elermore Vale,248
Elizabeth Bay,674
Elizabeth Beach,12
Elizabeth Hills,42
Ellalong,52
Elland,5
Ellangowan,15
Ellenborough,23
Ellerslie (Snowy Valleys),0
Ellerslie (Wentworth),0
Ellerston,1
Ellis Lane,15
Elong Elong,8
Elrington,7
Elsmore,10
Eltham,14
Elvina Bay,2
Emerald Beach,71
Emerald Hill,0
Emmaville,27
Empire Bay,104
Empire Vale,4
Emu Heights,95
Emu Plains,496
Emu Swamp,3
Enfield,105
Engadine,414
Englorie Park,13
Enmore (Armidale Regional),0
Enmore (Inner West),210
Enngonia,44
Environa,0
Epping,1201
Eraring,17
Eremerang,0
Erigolia,2
Erin Vale,1
Erina,689
Erina Heights,23
Ermington,533
Erowal Bay,16
Errowanbang,0
Erskine Park,268
Erskineville,524
Erudgere,0
Eschol Park,86
Esk,3
Essington,3
Estella,58
Ettalong Beach,488
Ettamogah,13
Ettrema,0
Ettrick,4
Euabalong,15
Euabalong West,1
Euberta,2
Euchareena,5
Eucumbene,2
Eugowra,51
Eulah Creek,2
Eumungerie,34
Eunanoreenya,2
Eungai Creek,18
Eungai Rail,11
Eungella,9
Eureka,11
Eurimbla,2
Eurobodalla,8
Euroka,6
Euroley,2
Eurongilly,2
Eurunderee,2
Euston,57
Evans Head,214
Evans Plains,7
Eveleigh,135
Eviron,8
Ewingar,2
Ewingsdale,37
Failford,15
Fairfield East,330
Fairfield Heights,342
Fairfield West,436
Fairholme,1
Fairlight,133
Fairy Hill,4
Falbrook,0
Falconer,1
Falls Creek,32
Far Meadow,7
Fargunyah,1
Farley,26
Farmborough Heights,71
Farnham,1
Farrants Hill,1
Farringdon,1
Faulconbridge,158
Faulkland,2
Fawcetts Plain,0
Federal,27
Fennell Bay,86
Fern Bay,74
Fern Gully,1
Fernances,2
Fernances Crossing,1
Fernbank Creek,10
Fernbrook,4
Fernhill,58
Fernleigh,6
Fernmount,15
Fernside,5
Fernvale,10
Fiddletown,5
Fifield,7
Findon Creek,0
Fine Flower,1
Fingal Bay,66
Fingal Head,108
Finley,144
Firefly,3
Fishermans Bay,11
Fishermans Paradise,13
Fishermans Reach,18
Fishers Hill,1
Fishing Point,20
Fitzgeralds Mount,3
Fitzgeralds Valley,0
Fitzroy Falls,9
Five Dock,553
Five Ways,0
Flat Tops,2
Fletcher,180
Flinders,206
Floraville,45
Forbes Creek,4
Forbes River,1
Forbesdale,5
Fords Bridge,9
Fordwich,5
Forest Glen,1
Forest Grove,0
Forest Hill,153
Forest Land,0
Forest Lodge,198
Forest Reefs,7
Forestville,172
Forresters Beach,111
Forster,1567
Fortis Creek,4
Fosters Valley,1
Fosterton,1
Fountaindale,39
Four Corners,0
Four Mile Creek,0
Fowlers Gap,0
Foxground,1
Frazer Park,6
Frazers Creek,4
Frederickton,78
Freemans,2
Freemans Reach,79
Freemantle,2
French Park,0
Frenchs Forest,282
Freshwater,238
Frog Rock,0
Frogmore,5
Frogs Hollow,5
Frying Pan,0
Fullerton,2
Fullerton Cove,19
Furracabad,0
Gadara,0
Gala Vale,0
Galambine,0
Galong,18
Galore,2
Galston,113
Ganbenang,0
Gangat,0
Ganmain,66
Garah,21
Garden Suburb,21
Garema,5
Garland,3
Garland Valley,0
Garoo,6
Garra,2
Garthowen,3
Gearys Flat,0
Geehi,3
Gelston Park,1
Gemalla,1
Geneva,19
Georges Creek,1
Georges Plains,3
Georgetown,114
Georgica,25
Gerogery,13
Gerringong,117
Gerroa,36
Geurie,24
Ghinni Ghi,3
Ghinni Ghinni,3
Ghoolendaadi,1
Giants Creek,1
Gibberagee,4
Gibraltar Range,0
Gidginbung,0
Gidley,4
Gilead,9
Gilgai,34
Gilgooma,2
Gilgunnia,6
Gillenbah,29
Gilletts Ridge,0
Gillieston Heights,151
Gilmandyke,0
Gilmore,9
Gin Gin,4
Gineroi,2
Ginghi,0
Gingkin,2
Girards Hill,82
Girilambone,9
Giro,0
Girral,1
Girralong,0
Girraween,267
Girvan,18
Gladesville,418
Gladstone,25
Glanmire,6
Glebe,2361
Gledswood Hills,9
Glen Alice,74
Glen Allen,1
Glen Alpine,152
Glen Davis,4
Glen Elgin,5
Glen Martin,0
Glen Oak,4
Glen Ward,0
Glen William,6
Glenbawn,13
Glencoe,8
Glendale,644
Glendenning,282
Glendon,0
Glendon Brook,6
Glenelg,0
Glenellen,1
Glenfield Park,657
Glengarrie,0
Glenhaven,86
Gleniffer,18
Glenmore,0
Glenmore Park,646
Glenning Valley,84
Glenorie,78
Glenreagh,30
Glenridding,34
Glenrock,1
Glenroy (Albury),169
Glenroy (Snowy Valleys),3
Glenthorne,63
Glenugie,19
Glenwood,364
Glenworth Valley,3
Glossodia,57
Gloucester,242
Gloucester Tops,0
Gobarralong,1
Gobbagombalin,12
Gocup,6
Godfreys Creek,3
Gogeldrie,3
Gol Gol,61
Gollan,3
Golspie,3
Gongolgon,5
Gonn,4
Goobarragandra,9
Good Forest,0
Good Hope,5
Goodnight,1
Goodooga,30
Goodwood Island,6
Googong,71
Goolgowi,26
Goolhi,1
Goolma,17
Goolmangar,8
Gooloogong,28
Goombargana,0
Goonellabah,1027
Goonengerry,7
Goonoo Forest,0
Goonoo Goonoo,0
Goonumbla,6
Goorangoola,5
Gordon,324
Gorge Creek,0
Gormans Hill,100
Gorokan,662
Gosford,4945
Gosforth,3
Gostwyck,0
Goulburn,2065
Gouldsville,2
Gowan,23
Gowang,0
Gowrie (Singleton),2
Gowrie (Tamworth Regional),1
Grabben Gullen,6
Gradys Creek,3
Grafton,1346
Gragin,0
Grahamstown,3
Graman,4
Grants Beach,0
Granville,4198
Grasmere,35
Grassy Head,14
Grattai,12
Gravesend,24
Grays Point,75
Great Mackerel Beach,1
Great Marlow,6
Green Cape,2
Green Creek,0
Green Forest,0
Green Gully,4
Green Hills (Armidale Regional),0
Green Hills (Snowy Valleys),0
Green Pigeon,0
Green Point (Central Coast),209
Green Point (Gosford),0
Green Point (Mid-Coast),14
Green Valley,982
Greenacre,1388
Greendale (Bega Valley),3
Greendale (Liverpool),32
Greenethorpe,9
Greenfield Park,186
Greengrove,0
Greenhill,79
Greenhills Beach,12
Greenlands (Singleton),1
Greenlands (Snowy Monaro Regional),0
Greenleigh,14
Greenridge,3
Greenwell Point,57
Greenwich,124
Greenwich Park,2
Greg Greg,0
Gregadoo,11
Gregory Hills,229
Greigs Flat,4
Grenfell,129
Gresford,6
Greta,194
Greta Main,4
Grevillia,7
Greystanes,740
Grogan,0
Grong Grong,12
Grose Vale,27
Grose Wold,8
Grosses Plain,0
Growee,2
Guerilla Bay,4
Guildford West,259
Gulargambone,164
Gulf Creek,0
Gulgong,204
Gulmarrad,34
Gum Flat,6
Gum Scrub,14
Gumbalie,0
Gumble,1
Gumly Gumly,32
Gumma,23
Gunbar,2
Gundagai,166
Gundamulda,0
Gundaroo,23
Gundary,7
Gunderbooka,0
Gunderman,2
Gundy,2
Gungal,7
Gungalman,0
Gunning,37
Gunning Gap,3
Gunningbland,7
Gurley,13
Gurnang,2
Gurranang,3
Gurrundah,0
Guyong,4
Guyra,129
Gwabegar,5
Gwandalan,140
Gwynneville,196
Gymea,645
Gymea Bay,85
Hacks Ferry,0
Halekulani,135
Halfway Creek,71
Hallidays Point,22
Halloran,11
Halls Creek,6
Hallsville,5
Halton,1
Hambledon Hill,0
Hamilton East,147
Hamilton North,101
Hamilton South,550
Hamilton Valley,39
Hammondville,142
Hampden Hall,3
Hampton,5
Hanging Rock,13
Hanleys Creek,0
Hannam Vale,3
Hanwood,34
Harden,139
Hardys Bay,17
Harefield,5
Hargraves,9
Harolds Cross,3
Harparary,0
Harpers Hill,10
Harrington,110
Harrington Park,302
Harris Park,558
Hartley,18
Hartley Vale,9
Hartwood,1
Hartys Plains,7
Harwood,44
Hassans Walls,4
Hastings Point,39
Hat Head,40
Hatfield,1
Havilah,3
Hawkesbury Heights,13
Hawks Nest,103
Hay South,231
Hayes Gap,1
Haymarket,13950
Haystack,0
Hayters Hill,4
Haywards Bay,50
Hazelbrook,228
Hazelgrove,2
Heathcote,205
Heatherbrae,153
Hebden,9
Hebersham,483
Heckenberg,156
Heddon Greta,90
Heifer Station,0
Helensburgh,195
Henley,24
Henty,56
Hereford Hall,1
Hermidale,11
Hernani,3
Herons Creek,12
Hexham,179
Hickeys Creek,5
High Range,7
Higher Macdonald,0
Highfields,35
Hill End,18
Hill Top (Snowy Monaro Regional),0
Hill Top (Wingecarribee),93
Hilldale,16
Hillgrove (Wagga Wagga),0
Hillsborough (Lake Macquarie),35
Hillsborough (Maitland),1
Hillsdale,181
Hillston,126
Hillville,5
Hillvue,374
Hinchinbrook,321
Hinton,13
Hobartville,152
Hobbys Yards,0
Hogarth Range,0
Holbrook,91
Holgate,20
Hollisdale,3
Hollydeen,1
Holmesville,54
Holroyd,70
Holsworthy,487
Holts Flat,2
Home Rule,3
Homebush,566
Homebush West,546
Homeleigh,3
Honeybugle,0
Hopefield,3
Hopkins Creek,2
Horningsea Park,69
Hornsby,4286
Hornsby Heights,89
Horse Station Creek,3
Horseshoe Bend,53
Horseshoe Creek,0
Horsfield Bay,10
Horsley,148
Horsley Park,95
Hoskinstown,6
Hovells Creek,0
Howards Grass,9
Howes Valley,3
Howick,0
Howlong,119
Hoxton Park,183
Humula,6
Hungerford,0
Hunters Hill,296
Hunterview,52
Huntingdon,2
Huntingwood,37
Huntley (Orange),10
Huntley (Wollongong),1
Huntleys Cove,26
Huntleys Point,34
Huonbrook,5
Hurlstone Park,286
Hurstville,3865
Hurstville Grove,92
Huskisson,153
Hyams Beach,10
Hyland Park,17
Hyndmans Creek,0
Ilarwill,7
Ilford,21
Illabo,7
Illaroo,1
Illawong,149
Iluka,109
Indi,0
Ingebirah,3
Ingleside,40
Innes View,1
Invergordon,2
Invergowrie,23
Iron Pot Creek,0
Ironbark,0
Ironmungy,0
Irvington,9
Irymple,0
Isabella,4
Islington,365
Ivanhoe,42
Jackadgery,5
Jacks Creek,2
Jacksons Flat,0
Jacky Bulbin Flat,3
Jagumba,0
Jagungal Wilderness,0
Jamberoo,40
James Creek,5
Jamisontown,573
Jannali,417
Jaspers Brush,3
Jaunter,7
Jeir,7
Jellat Jellat,2
Jemalong,3
Jembaicumbene,0
Jennings,4
Jenolan,3
Jeogla,1
Jerangle,0
Jeremadra,11
Jerilderie,36
Jerrabattgulla,1
Jerrabomberra,299
Jerrawa,1
Jerrawangala,10
Jerrong,2
Jerrys Plains,11
Jerseyville,10
Jesmond,562
Jews Lagoon,0
Jiggi,18
Jilliby,146
Jimenbuen,0
Jindabyne,306
Jinden,2
Jindera,67
Jingellic,5
Jingera,1
Joadja,3
Joes Box,0
Johns River,26
Jolly Nose,0
Jones Bridge,1
Jones Creek,3
Jones Island,4
Jordan Springs,350
Judds Creek,0
Jugiong,10
Junction Hill,35
Junee,516
Junee Reefs,0
Kahibah,80
Kains Flat,5
Kalang,5
Kalaru,15
Kalkite,8
Kamarah,2
Kameruka,0
Kanahooka,143
Kanangra,3
Kandos,157
Kangaroo Creek,5
Kangaroo Point,24
Kangaroo Valley,34
Kangaroobie,0
Kangiara,2
Kangy Angy,31
Kanimbla,2
Kanoona,1
Kanwal,502
Kapooka,17
Kaputar,0
Karaak Flat,0
Karabar,519
Kareela,65
Kariong,406
Kars Springs,1
Katoomba,1275
Kayuga,7
Kearns,51
Kearsley,57
Keepit,2
Keera,0
Keerrong,10
Keinbah,11
Keiraville,166
Keith Hall,3
Kellys Plains,2
Kembla Grange,96
Kembla Heights,16
Kemps Creek,196
Kempsey,506
Kenebri,6
Kensington,818
Kenthurst,100
Kentlyn,42
Kentucky,5
Kentucky South,3
Kerewong,1
Keri Keri,0
Kerrabee,0
Kerrigundi,0
Kerrs Creek,1
Kew,53
Khancoban,14
Khatambuhl,0
Kia Ora,2
Kiacatoo,0
Kiah,5
Kiama,640
Kiama Downs,72
Kiama Heights,10
Kianga,21
Kiar,4
Kickabil,0
Kielvale,11
Kikiamah,0
Kikoira,1
Kilaben Bay,27
Kilgin,1
Kilgra,9
Killabakh,4
Killara,200
Killarney Heights,77
Killarney Vale,504
Killawarra,5
Killcare,29
Killcare Heights,15
Killiekrankie,0
Killimicat,0
Killingworth,35
Killongbutta,0
Kimbriki,1
Kinchela,25
Kincumber,329
Kincumber South,18
Kindee,10
Kindervale,0
King Creek,25
Kingfisher Shores,3
Kinghorne,0
Kings Forest,1
Kings Langley,315
Kings Park,335
Kings Plains (Blayney),2
Kings Plains (Inverell),0
Kings Point,12
Kingsdale,3
Kingsford,853
Kingsgate,0
Kingsgrove,881
Kingsland,0
Kingsvale,9
Kingswood (Bega Valley),0
Kingswood (Tamworth Regional),32
Kioloa,16
Kiora,3
Kippaxs,1
Kippenduff,1
Kirkconnell,1
Kirkham,10
Kirrawee,641
Kirribilli,190
Kitchener,39
Kiwarrak,18
Klori,0
Knights Hill,13
Knockrow,7
Knorrit Flat,3
Knorrit Forest,0
Kogarah,1730
Kogarah Bay,43
Kooba,1
Kookabookra,0
Koolewong,140
Koolkhan,1
Koonorigan,8
Koonyum Range,0
Koorainghat,8
Koorawatha,31
Kooringal,870
Kootingal,137
Koraleigh,5
Koreelah,2
Korora,92
Kosciuszko,23
Kosciuszko National Park,84
Kotara,674
Kotara South,29
Krawarree,4
Kremnos,3
Ku-Ring-Gai Chase,45
Kulnura,20
Kunama,3
Kundabung,41
Kundibakh,0
Kundle Kundle,4
Kungala,9
Kunghur,16
Kunghur Creek,6
Kurmond,26
Kurnell,156
Kurraba Point,27
Kurrajong Heights,17
Kurrajong Hills,8
Kyalite,0
Kyarran,0
Kybeyan,0
Kyeamba,6
Kyeemagh,105
Kyle Bay,17
Kynnumboon,8
Kyogle,260
La Perouse,101
Lacmalac,0
Lade Vale,0
Ladysmith,21
Laffing Waters,2
Laggan,3
Lagoon Grass,6
Laguna,14
Lake Albert,271
Lake Bathurst,6
Lake Brewster,5
Lake Burrendong,0
Lake Cargelligo,190
Lake Cathie,113
Lake Conjola,29
Lake Cowal,1
Lake George,3
Lake Haven,657
Lake Heights,150
Lake Hume Village,5
Lake Innes,12
Lake Munmorah,384
Lake Tabourie,31
Lake Wyangan,15
Lakelands,45
Lakemba,1066
Lakesland,15
Lakewood,64
Lalalty,0
Lambs Valley (Glen Innes Severn),1
Lambs Valley (Singleton),12
Lambton,368
Landervale,0
Lane Cove,296
Lane Cove North,236
Lane Cove West,66
Langley Vale,2
Lanitza,9
Lankeys Creek,0
Lansdowne (Canterbury-Bankstown),22
Lansdowne (Mid-Coast),21
Lansdowne Forest,0
Lansvale,242
Lapstone,84
Larbert,1
Largs,60
Larnook,25
Larras Lee,1
Laughtondale,10
Laurel Hill,2
Laurieton,115
Lavadia,2
Lavender Bay,55
Laverstock,0
Lawrence,47
Lawson,139
Leadville,3
Leconfield,3
Lee Creek,0
Leeton,989
Leets Vale,1
Leeville,8
Legume,7
Leichhardt,960
Lemington,0
Lemon Tree,3
Lemon Tree Passage,120
Len Waters Estate,40
Lenaghan,2
Lennox Head,186
Leonay,91
Lerida,2
Lethbridge Park,751
Leumeah,1219
Leura,176
Levenstrath,0
Lewinsbrook,0
Lewis Ponds,5
Lewisham,247
Leycester,1
Liberty Grove,104
Lidcombe,1869
Liddell,0
Lidsdale,17
Lidster,1
Lilli Pilli (Eurobodalla),21
Lilli Pilli (Sutherland Shire),43
Lillian Rock,6
Lilydale,4
Lilyfield,477
Lilyvale,1
Limbri,4
Limeburners Creek (Mid-Coast),33
Limeburners Creek (Port Macquarie-Hastings),0
Limekilns,4
Limerick,0
Limestone,1
Limpinwood,4
Linburn,2
Linden,33
Lindendale,23
Lindesay,0
Lindesay Creek,0
Lindfield,274
Lindifferon,0
Linley Point,15
Lionsville,1
Lisarow,266
Lismore Heights,128
Liston,2
Little Back Creek,1
Little Bay,185
Little Billabong,3
Little Forest,1
Little Hartley,11
Little Jacks Creek,0
Little Jilliby,17
Little Pelican,6
Little Plain,1
Little River,2
Little Topar,9
Little Wobby,2
Littleton,27
Llanarth,26
Llangothlin,4
Lloyd,25
Loadstone,7
Lochiel,4
Lochinvar,30
Lockhart,102
Locksley,0
Loftus,138
Loftville,7
Logans Crossing,0
Logie Brae,0
Londonderry,164
Long Beach,48
Long Flat,2
Long Jetty,607
Long Plain (Inverell),0
Long Plain (Snowy Monaro Regional),9
Long Point (Campbelltown),18
Long Point (Singleton),3
Longarm,0
Longreach,1
Longueville,46
Loomberah,8
Lord Howe Island,20
Lords Hill,0
Lorn,68
Lorne,5
Lost River,0
Lostock,5
Louisa Creek,0
Louth,12
Louth Park,16
Lovett Bay,11
Lowanna,35
Lower Acacia Creek,0
Lower Bago,0
Lower Boro,13
Lower Bottle Creek,1
Lower Creek,2
Lower Duck Creek,2
Lower Dyraaba,2
Lower Lewis Ponds,4
Lower Macdonald,9
Lower Mangrove,1
Lower Pappinbarra,1
Lower Peacock,0
Lower Portland,25
Lower Southgate,14
Lowesdale,3
Lowther,5
Loxford,29
Lucas Heights,19
Lucknow,14
Luddenham,123
Lue,10
Lugarno,156
Lurnea,530
Luskintyre,12
Lynchs Creek,0
Lyndhurst (Armidale Regional),0
Lyndhurst (Blayney),9
Lynwood,3
Mabins Well,0
Macdonalds Creek,0
Macksville,466
Maclean,450
Macmasters Beach,39
Macquarie Hills,90
Macquarie Links,433
Macquarie Marshes,0
Macquarie Park,964
Macquarie Pass,5
Maddens Plains,13
Maffra,0
Magenta,48
Magometon,0
Maianbar,12
Maimuru,1
Main Arm,42
Main Creek,5
Mairjimmy,0
Maison Dieu,1
Maitland Vale,5
Majors Creek,11
Malabar,246
Maldon,2
Mallabula,42
Mallan,1
Mallanganee,23
Mallee,0
Mallowa,1
Maloneys Beach,25
Malua Bay,60
Manar,9
Manchester Square,0
Mandagery,1
Mandalong,26
Mandemar,0
Mandurama,5
Mangoola,3
Mangoplah,12
Mangrove Creek,2
Mangrove Mountain,35
Manildra,21
Manly,2228
Manly Vale,231
Mannering Park,158
Manning Point,15
Mannus,2
Manobalai,1
Manton,8
Manyana,27
Maragle,2
Maraylya,36
Marayong,495
March,4
Marchmont,2
Mardi,184
Marengo,0
Mares Run,0
Marinna,2
Marks Point,130
Markwell,1
Marlee,2
Marlo Merrican,0
Marlow,0
Marlowe,0
Marmong Point,19
Marom Creek,4
Maroota,18
Maroubra,2386
Marrangaroo,31
Marrar,23
Marrickville,2437
Marsden Park,188
Marsfield,434
Marshall Mount,6
Marshdale,2
Marthaguy,0
Martindale,1
Martins Creek,19
Martinsville,20
Marulan,67
Maryland (Newcastle),337
Maryland (Tenterfield),3
Marys Mount,5
Maryvale,13
Maryville,92
Mascot,1442
Matcham,25
Matheson,6
Mathoura,44
Matong,11
Matraville,503
Maude,9
Maules Creek,2
Maxwell,5
Maybole,1
Mayers Flat,0
Mayfield (Newcastle),1145
Mayfield (Oberon),1
Mayfield (Queanbeyan-Palerang Regional),2
Mayfield (Shoalhaven),1
Mayfield East,121
Mayfield West,192
Mayrung,0
Mays Hill,78
Mayvale,0
McCullys Gap,5
McDougalls Hill,26
McGraths Hill,102
McKees Hill,13
McKellars Park,6
McLeans Ridges,20
McLeods Shoot,8
McMahons Point,87
McMahons Reef,2
Meadow Flat,10
Meadowbank,148
Mebbin,0
Mebul,0
Medlow Bath,36
Medway,1
Meerschaum Vale,9
Megalong Valley,9
Megan,1
Melbergen,0
Melinga,1
Mellong,0
Mellool,0
Melrose Park,65
Melville,4
Memagong,1
Menah,11
Menai,381
Menangle,49
Menangle Park,45
Mendooran,41
Menindee,60
Merah North,4
Merewether,681
Merewether Heights,24
Merimbula,370
Meringo,0
Mernot,0
Meroo,6
Meroo Meadow,6
Merotherie,2
Merriangaah,0
Merricumbene,0
Merrigal,0
Merrill,0
Merriwa,119
Merriwagga,1
Merrygoen,7
Merrylands,3024
Merrylands West,346
Merungle Hill,13
Meryla,0
Metford,692
Methul,2
Metz,1
Miandetta,3
Micalo Island,6
Michelago,12
Middle Arm,10
Middle Brook,5
Middle Brother,4
Middle Cove,22
Middle Dural,16
Middle Falbrook,5
Middle Flat,1
Middle Pocket,2
Middlingbank,0
Midginbil,1
Mihi,1
Mila,2
Milbrodale,7
Milbrulong,8
Milkers Flat,1
Millah Murrah,0
Millbank,6
Miller,737
Millers Forest,30
Millers Point,151
Millfield,33
Millie,1
Millingandi,8
Millthorpe,54
Milparinka,0
Milperra,316
Milroy (Gunnedah),2
Milroy (Mid-Western Regional),2
Milsons Passage,5
Milsons Point,266
Milton,109
Milvale,5
Mimosa,0
Mindaribba,3
Mingoola,0
Minimbah,1
Minjary,18
Minmi,44
Minnamurra,69
Minnie Water,7
Minore,11
Mirador,3
Mirannie,0
Mirrabooka,17
Mirrool,5
Mitchells Island,8
Mittagong,500
Moama,526
Mogareeka,5
Mogendoura,6
Mogilla,0
Mogo (Eurobodalla),41
Mogo (Mid-Western Regional),5
Mogo Creek,2
Mogood,2
Mograni,0
Mogriguy,3
Mole River,5
Moleville Creek,3
Mollyan,1
Mollymook,39
Mollymook Beach,71
Molong,128
Mona Vale,491
Monak,3
Mondayong,3
Mondrook,4
Monga,5
Mongarlowe,0
Mongogarie,5
Monia Gap,1
Monivae,0
Monkerai,77
Monteagle,6
Montecollum,2
Montefiores,50
Monterey,165
Mooball,14
Moobi,1
Moogem,1
Mookerawa,0
Mookima Wybra,10
Moolarben,1
Moollattoo,0
Moolpa,7
Moombooldool,0
Moonan Brook,3
Moonan Flat,5
Moonbah,4
Moonbi,44
Mooneba,1
Moonee,2
Mooney Mooney,46
Mooney Mooney Creek,3
Moonpar,0
Mooral Creek,4
Moorara,0
Moorbel,2
Moore Creek,32
Moore Park,789
Moorilda,1
Moorland,23
Moorong,38
Moorwatha,0
Moparrabah,12
Moppy,0
Morago,12
Morangarell,0
Morans Crossing,4
Morisset,1200
Morisset Park,30
Morning Bay,0
Mororo,14
Morpeth,86
Mortdale,574
Mortlake,54
Morton,12
Mortons Creek,3
Morts Estate,28
Morundah,5
Moruya,563
Moruya Heads,41
Morven (Greater Hume Shire),6
Mosman,928
Moss Vale,705
Mossgiel,5
Mossy Point,7
Moto,2
Moulamein,63
Mount Adrah,2
Mount Annan,485
Mount Aquila,0
Mount Burrell,14
Mount Colah,157
Mount Collins,0
Mount Cooper,0
Mount Darragh,0
Mount David,3
Mount Dee,5
Mount Elliot,11
Mount Fairy,5
Mount Foster,0
Mount Frome,3
Mount George,19
Mount Harris,0
Mount Hope,4
Mount Horeb,0
Mount Hunter,20
Mount Irvine,1
Mount Keira,57
Mount Knowles,0
Mount Kuring-Gai,74
Mount Lambie,5
Mount Lewis,55
Mount Marsden,1
Mount Marsh,0
Mount Mitchell,3
Mount Murray,2
Mount Olive (Singleton),2
Mount Ousley,43
Mount Panorama,30
Mount Pleasant,39
Mount Pritchard,640
Mount Rankin,2
Mount Rivers,2
Mount Riverview,81
Mount Royal,0
Mount Russell,7
Mount Saint Thomas,61
Mount Seaview,7
Mount Tenandra,0
Mount Thorley,19
Mount Tomah,4
Mount Vernon,43
Mount Victoria,136
Mount View,18
Mount Vincent,6
Mount Warning,19
Mount Warrigal,298
Mount Werong,0
Mount White,22
Mount Wilson,1
Mountain Creek,0
Mountain Lagoon,0
Mountain Top,1
Mountain View,16
Mourquong,10
Mowbray Park,4
Mozart,0
Mulbring,22
Mulgoa,68
Mulgrave,164
Mulguthrie,0
Muli Muli,9
Mulla Creek,1
Mullaley,10
Mullamuddy,2
Mullaway,15
Mullengandra,1
Mullengudgery,0
Mullion,2
Mulloon,3
Mullumbimby,289
Mullumbimby Creek,4
Mulwala,164
Mulyandry,0
Mumbil,13
Mumblebone Plain,0
Mumbulla Mountain,0
Mummel,1
Mummulgum,8
Mundamia,13
Mundarlo,6
Munderoo,0
Mundongo,2
Mungay Creek,2
Munghorn,0
Mungindi,128
Mungo Brush,3
Munni,2
Munyabla,0
Murga,0
Murrah,3
Murrami,8
Murrawombie,0
Murray Downs,7
Murray Gorge,0
Murrays Beach,8
Murrays Run,2
Murrin Bridge,67
Murringo,9
Murrulebale,1
Murrumbo,1
Murrumbucca,0
Murrumburrah,6
Murrurundi,50
Murulla,1
Muscle Creek,1
Mutawintji,0
Muttama,5
Myall Creek,0
Myall Lake,1
Myall Park,5
Myalla,0
Mylestom,65
Mylneford,4
Myocum,25
Myola,6
Myrtle Creek,9
Myrtle Mountain,2
Myrtle Park,0
Myrtleville,2
Mystery Bay,2
Nabiac,99
Nadgee,0
Namoi River,2
Nana Glen,34
Nangus,5
Nanima,4
Napier Lane,0
Napoleon Reef,5
Naradhan,6
Narellan Vale,235
Naremburn,98
Narone Creek,0
Narooma,350
Narrabarba,2
Narraburra,0
Narrandera,694
Narrangullen,0
Narrawa,0
Narrawallee,57
Narraweena,231
Narromine,847
Narwee,343
Nashdale,11
Nashua,4
Nattai,1
Naughtons Gap,2
Neath,40
Nebea,3
Neilrex,4
Nelligen,31
Nelson (Bega Valley),1
Nelson Bay,850
Nelungaloo,0
Nemingha,33
Nericon,13
Neringla,1
Nerong,6
Nerriga,4
Nerrigundah,5
Nethercote,4
Neurea,4
Neutral Bay,541
Nevertire,11
Neville,11
New Berrima,22
New Brighton,26
New Buildings,3
New Italy,5
New Lambton Heights,166
New Mexico,1
New Park,5
New Valley,5
Newbold,0
Newbridge,8
Newcastle East,264
Newcastle West,853
Newee Creek,10
Newington,161
Newnes,4
Newnes Plateau,0
Newport,356
Newrybar,9
Newstead,3
Newton Boyd,5
Newtown,2899
Niagara Park,205
Niangala,4
Niemur,1
Nightcap,3
Nimbin,591
Nimmitabel,10
Nimmo,0
Nobbys Creek,9
Nombi,0
Noona,0
Noorong,1
Nooroo,2
Norah Head,168
Noraville,134
Nords Wharf,24
Normanhurst,127
North Albury,943
North Arm,3
North Arm Cove,24
North Avoca,54
North Balgowlah,56
North Batemans Bay,43
North Boambee Valley,157
North Bondi,298
North Brother,0
North Casino,13
North Curl Curl,92
North Dorrigo,3
North Epping,35
North Gosford,301
North Haven,61
North Lambton,214
North Lismore,183
North Macksville,32
North Macquarie,3
North Manly,142
North Narooma,18
North Narrabeen,308
North Nowra,250
North Parramatta,737
North Richmond,355
North Rocks,272
North Rothbury,50
North Ryde,305
North Shore,10
North Star,10
North Strathfield,275
North Sydney,1520
North Tamworth,304
North Tumbulgum,9
North Turramurra,75
North Wagga Wagga,84
North Wahroonga,17
North Willoughby,105
North Wollongong,555
North Woodburn,1
North Yalgogrin,3
North Yeoval,1
Northangera,2
Northbridge,111
Northmead,590
Northwood,7
Norway,1
Nowendoc,16
Nowley,0
Nowra Hill,54
Nubba,0
Nullamanna,9
Nullica,0
Nullo Mountain,1
Numbaa,3
Number One,0
Numbla Vale,2
Numbugga,1
Numeralla,5
Numinbah,6
Numulgi,1
Nunderi,11
Nundle,29
Nungatta,0
Nurenmerenmong,0
Nymagee,34
Nymboida,10
Nyngan,292
Nyora,0
Nyrang Creek,4
O'Connell,16
Oak Flats,683
Oakdale,62
Oakey Park,15
Oakhampton,2
Oakhampton Heights,1
Oaklands,8
Oakville,50
Oakwood,2
Oallen,11
Oatlands,154
Oatley,442
Oban,0
Obanvale,3
Oberne Creek,0
Oberon,201
Obley,1
Ocean Shores,202
Ogunbil,6
Old Adaminaby,6
Old Bar,189
Old Bonalbo,4
Old Grevillia,1
Old Guildford,140
Old Junee,15
Old Mill,0
Old Station,1
Old Toongabbie,71
Olinda,1
Olney,3
Omadale,0
One Mile,23
One Tree,1
Oolong,1
Ooma,1
Ootha,4
Ophir,6
Oran Park,178
Orange Grove,1
Orangeville,32
Orchard Hills,95
Orient Point,27
Orton Park,3
Osborne,0
Osterley,0
Oswald,0
Otford,18
Oura,3
Ournie,2
Owens Gap,1
Oxford Falls,13
Oxley (Balranald),5
Oxley (Warren),0
Oxley Island,10
Oxley Park,298
Oxley Vale,246
Oyster Bay,96
Oyster Cove,19
Packsaddle,0
Paddys Flat (Kyogle),0
Paddys Flat (Snowy Monaro Regional),0
Paddys River (Snowy Valleys),7
Paddys River (Wingecarribee),1
Padstow,818
Padstow Heights,76
Pagans Flat,0
Pages Creek,0
Pagewood,160
Palarang,0
Palerang,0
Paling Yards (Bathurst Regional),1
Paling Yards (Oberon),0
Pallal,11
Pallamallawa,12
Palm Beach,91
Palm Grove,7
Palmdale,4
Palmers Channel,2
Palmers Island,24
Palmers Oaky,2
Palmvale,9
Palmwoods,4
Pambula,57
Pambula Beach,10
Pampoolah,15
Pan Ban,0
Panania,584
Pangee,1
Panuara,2
Pappinbarra,6
Para,0
Paradise,0
Paringi,2
Parkesbourne,1
Parklea,131
Parkville,6
Parma,5
Parramatta,8951
Parraweena,0
Patchs Beach,1
Paterson,31
Patonga,30
Paupong,0
Paynes Crossing,2
Paytens Bridge,0
Peacock Creek,3
Peak Hill,158
Peak View,5
Peakhurst,410
Peakhurst Heights,47
Pearces Creek,1
Pearl Beach,38
Peats Ridge,27
Pebbly Beach,1
Peel,2
Peelwood,3
Pejar,4
Pelican,38
Pelton,14
Pembrooke,9
Pemulwuy,174
Pennant Hills,396
Penrose,9
Penshurst,635
Pericoe,1
Perrys Crossing,0
Perthville,33
Petersham,718
Phegans Bay,8
Phillip Bay,41
Phoenix Park,6
Piallamore,6
Piallaway,2
Piambong,4
Picketts Valley,10
Picnic Point,206
Picton,321
Pigeonbah,0
Piggabeen,13
Pikapene,0
Pillar Valley,13
Pilliga,34
Pilot Wilderness,0
Pimlico,20
Pimlico Island,0
Pinbeyan,0
Pindaroi,2
Pindimar,39
Pine Camp,1
Pine Clump,0
Pine Grove,1
Pine Lodge,0
Pine Ridge,4
Pine Valley,0
Piney Range,1
Pinkett,0
Pinnacle,3
Pinnacle Swamp,0
Pinny Beach,5
Piora,1
Pipeclay,2
Pitnacree,16
Pitt Town,73
Pitt Town Bottoms,7
Pleasant Hills,6
Pleasure Point,16
Plumpton,561
Point Clare,252
Point Frederick,117
Point Piper,56
Point Wolstoncroft,1
Pointer Mountain,0
Pokolbin,188
Pola Creek,4
Polo Flat,1
Pomeroy,0
Pomona,7
Ponto,0
Pooncarie,10
Port Botany,40
Port Hacking,10
Port Stephens,1
Porters Creek,0
Porters Retreat,2
Portland,162
Possum Brush,18
Possum Creek,8
Potato Point,8
Pottery Estate,12
Potts Hill,46
Potts Point,4766
Pottsville,237
Prairiewood,414
Premer,18
Prestons,767
Pretty Beach (Central Coast),36
Pretty Beach (Shoalhaven),0
Pretty Pine,0
Primbee,139
Primrose Valley,14
Prospect,353
Pucawan,0
Puddledock,0
Pullabooka,0
Pulletop,0
Pumpenbil,6
Punchbowl (Canterbury-Bankstown),1262
Punchbowl (Clarence Valley),0
Purfleet,67
Purlewaugh,3
Putney,85
Putta Bucca,1
Putty,6
Pymble,298
Pyramul,4
Pyree,9
Pyrmont,2252
Quaama,6
Quambone,15
Quanda,0
Quandary,0
Quandialla,9
Queanbeyan East,363
Queanbeyan West,283
Queens Park,125
Queens Pinch,1
Queenscliff,85
Quialigo,3
Quidong,0
Quiera,0
Quipolly,16
Raby,164
Raglan,46
Rainbow Flat,22
Rainbow Reach,1
Raleigh,32
Ramornie,11
Ramsgate,110
Ramsgate Beach,65
Rand,12
Randwick,1510
Rangari,4
Rangers Valley,0
Rankin Park,43
Rankins Springs,39
Rannock,0
Rappville,18
Rathmines,82
Ravensdale,1
Ravenswood,89
Ravensworth,12
Rawdon Island,6
Rawdon Vale,1
Raworth,43
Rawsonville,7
Red Head,13
Red Hill (Snowy Valleys),0
Red Hill (Tamworth Regional),3
Red Hill (Warren),0
Red Range,12
Red Rock,32
Redbank,13
Redbournberry,7
Reddestone,1
Redhead,154
Redlands,0
Reedy Creek,0
Reedy Swamp,0
Reefton,1
Regents Park,349
Regentville,45
Reids Flat,0
Reidsdale,4
Rennie,2
Renwick,10
Repentance Creek,4
Repton,26
Reserve Creek,4
Retreat,13
Revesby,1502
Revesby Heights,38
Rhine Falls,2
Rhodes,550
Richlands,2
Richmond Hill,29
Richmond Lowlands,11
Richmond Vale,10
Rileys Hill,2
Ringwood,0
Riverlea,4
Riverside,12
Riverstone,928
Rivertree,1
Riverview,58
Rixs Creek,2
Rob Roy,0
Robertson,60
Robin Hill,18
Rock Flat,5
Rock Forest,3
Rock Valley,5
Rockdale,1699
Rockley,19
Rockley Mount,2
Rockton,2
Rocky Creek (Gwydir),0
Rocky Creek (Inverell),2
Rocky Glen,1
Rocky Hall,1
Rocky Plain,0
Rocky River (Tenterfield),4
Rocky River (Uralla),3
Rodd Point,32
Rollands Plains,5
Rookhurst,0
Rookwood,18
Rooty Hill,1135
Ropers Road,0
Ropes Crossing,269
Rose Bay,485
Rose Valley (Kiama),6
Rose Valley (Snowy Monaro Regional),6
Rosebank,21
Roseberg,2
Roseberry,5
Roseberry Creek,11
Rosebery,645
Rosebrook,3
Rosedale,18
Rosehill,453
Roselands,554
Rosemeath,1
Roseville,279
Roseville Chase,28
Rosewood (Port Macquarie-Hastings),3
Rosewood (Snowy Valleys),8
Roslyn,1
Rossglen,1
Rossgole,4
Rossi,4
Rossmore,124
Roto,7
Rouchel,0
Rouchel Brook,0
Roughit,1
Round Swamp,2
Rous,10
Rous Mill,8
Rouse Hill,699
Rowan,5
Rowena,10
Rowlands Creek,7
Royal National Park,109
Royalla,16
Rozelle,500
Ruby Creek,0
Rufus,3
Rugby,3
Rukenvale,3
Run-o-Waters,2
Running Stream,7
Rushcutters Bay,179
Rushes Creek,1
Rushforth,10
Russell Lea,105
Russell Vale,83
Rutherford,1503
Ruthven,3
Ryan,0
Rydal,13
Ryde,1092
Rye Park,7
Ryhope,8
Rylstone,44
Sackville,7
Sackville North,6
Saddleback Mountain,0
Sadleir,267
Safety Beach,16
Salisbury,2
Salisbury Plains,1
Sallys Flat,1
Salt Ash,70
Saltwater,5
San Isidore,7
Sancrox,33
Sanctuary Point,429
Sandgate,164
Sandigo,4
Sandilands,0
Sandon,0
Sandringham,68
Sandy Beach,120
Sandy Creek (Cobar),0
Sandy Creek (Upper Hunter Shire),0
Sandy Crossing,1
Sandy Gully,0
Sandy Hill,12
Sandy Hollow,19
Sandy Point,23
Sanger,0
Sans Souci,348
Sapphire,1
Sapphire Beach,96
Saratoga,64
Sassafras,2
Saumarez,2
Saumarez Ponds,7
Savernake,4
Sawpit Creek,0
Sawtell,267
Sawyers Gully,54
Scarborough,31
Scheyville,2
Schofields,461
Scotia,0
Scotland Island,43
Scotts Creek,0
Scotts Flat,1
Scotts Head,47
Seaham,39
Seal Rocks,22
Sebastopol,0
Seelands,3
Sefton,550
Segenhoe,7
Seven Oaks,0
Sextonville,1
Shadforth,4
Shallow Bay,10
Shalvey,453
Shanes Park,48
Shannon Brook,5
Shannon Vale,7
Shannondale,2
Shannons Flat,1
Shark Creek,4
Sharps Creek,0
Sheedys Gully,7
Shell Cove,107
Shellharbour,411
Shellharbour City Centre,433
Shelly Beach,85
Sherwood (Clarence Valley),4
Sherwood (Kempsey),17
Sherwood (Kyogle),0
Shoal Bay,202
Shoalhaven Heads,111
Shooters Hill,0
Shortland,224
Silent Grove,0
Silverton,2
Silverwater (Lake Macquarie),17
Silverwater (Parramatta),237
Simpkins Creek,1
Singleton Heights,306
Singleton Military Area,0
Six Mile Swamp,0
Skennars Head,19
Skillion Flat,3
Skinners Shoot,9
Sleepy Hollow,5
Smeaton Grange,119
Smithfield,825
Smiths Creek (Clarence Valley),0
Smiths Creek (Kyogle),0
Smiths Creek (Tweed),5
Smiths Lake,56
Smithtown,35
Snowball,0
Sodwalls,2
Sofala,17
Soldiers Point,111
Somerton,38
South Arm (Clarence Valley),7
South Arm (Nambucca),24
South Ballina,7
South Bathurst,223
South Bowenfels,35
South Coogee,296
South Durras,13
South Golden Beach,30
South Gundurimba,11
South Guyra,18
South Hurstville,179
South Lismore,466
South Littleton,13
South Maitland,125
South Maroota,7
South Murwillumbah,152
South Nowra,267
South Pambula,5
South Penrith,614
South Tamworth,1321
South Turramurra,36
South West Rocks,386
South Wolumla,3
Southampton,1
Southgate,14
Speers Point,212
Speewa,2
Spencer,12
Spicers Creek,4
Spicketts Creek,1
Splitters Creek,2
Spring Creek,7
Spring Farm,155
Spring Flat,30
Spring Grove,5
Spring Hill (Cabonne),19
Spring Hill (Wollongong),12
Spring Mountain,0
Spring Plains,0
Spring Ridge,8
Spring Terrace,0
Springdale,5
Springdale Heights,182
Springfield (Snowy Monaro Regional),0
Springrange,5
Springside,6
Springvale (Lithgow),0
Springwood,687
St Albans,2
St Andrews,226
St Clair (Singleton),4
St Fillans,7
St George,0
St Georges Basin,133
St Helens Park,272
St Huberts Island,29
St Ives Chase,37
St Johns Park,172
St Leonards,650
St Peters,284
Stanborough,3
Stanbridge,13
Stanford Merthyr,45
Stanhope,13
Stanhope Gardens,245
Stanmore,444
Stannifer,2
Stannum,1
Stanwell Park,34
Stanwell Tops,11
State Mine Gully,3
Steam Plains,1
Steeple Flat,4
Stewarts Brook,1
Stewarts River,2
Stockinbingal,12
Stockrington,9
Stockton,396
Stockyard Creek,1
Stokers Siding,26
Stonehenge,1
Stonequarry,1
Stony Chute,11
Stony Creek (Bega Valley),5
Stony Creek (Mid-Western Regional),1
Stony Crossing,0
Stotts Creek,1
Stratford,15
Strathcedar,1
Stratheden,3
Strathfield,3461
Strathfield South,274
Stroud,40
Stroud Hill,3
Stroud Road,12
Stuart Town,14
Stuarts Point,74
Stubbo,10
Stud Park,0
Suffolk Park,146
Sugarloaf,1
Summer Hill (Dungog),1
Summer Hill (Inner West),491
Summer Hill Creek,2
Summer Island,0
Summerland Point,105
Sun Valley,43
Sunny Corner,7
Sunset Strip,0
Sunshine,8
Sunshine Bay,76
Suntop,2
Surf Beach,92
Surfside,77
Surry Hills,5106
Sutton,41
Sutton Forest,78
Swan Bay (Port Stephens),19
Swan Bay (Richmond Valley),2
Swan Creek,5
Swan Vale,0
Swanbrook,0
Swanhaven,6
Swans Crossing,0
Swansea,419
Swansea Heads,30
Sweetmans Creek,3
Sydenham,1472
Sydney,12412
Sydney Olympic Park,731
Sylvania,443
Sylvania Waters,123
Tabbil Creek,2
Tabbimoble,4
Tabbita,5
Table Top,22
Tabulam,138
Tacoma,24
Tacoma South,3
Tahlee,2
Tahmoor,372
Talarm,4
Talawanta,0
Talbingo,15
Tallimba,8
Tallong,6
Tallowwood Ridge,1
Tallwood,0
Tallwoods Village,11
Talmalmo,2
Talofa,7
Taloumbi,1
Tamban,9
Tambar Springs,22
Tambaroora,7
Taminda,117
Tanglewood,10
Tanja,7
Tannabar,7
Tannas Mount,3
Tantangara,1
Tantawangalo,6
Tantonan,2
Tapitallee,6
Tara,0
Taradale,2
Tarago,32
Taralga,14
Tarban,3
Tarbuck Bay,10
Tarcutta,54
Taree South,47
Taren Point,170
Tarlo,4
Tarraganda,4
Tarrawanna,56
Tarriaro,1
Tarro,189
Tascott,103
Tatham,6
Tathra,77
Tatton,53
Taylors Arm,19
Taylors Beach,21
Taylors Flat,4
Tea Gardens,169
Telarah,323
Telegraph Point,58
Telopea,439
Temora,454
Tempe,270
Tenambit,308
Tenandra,0
Tennyson,8
Tennyson Point,24
Tenterden,1
Tenterfield,495
Terania Creek,3
Terara,11
Teridgerie,0
Termeil,13
Terrabella,0
Terrace Creek,1
Terragon,11
Terranora,63
Terreel,0
Terrey Hills,84
Terrigal,695
Terry Hie Hie,4
Teven,14
Tewinga,4
Texas,3
Thalgarrah,1
The Angle,0
The Bight,13
The Branch,3
The Brothers,0
The Entrance North,134
The Freshwater,0
The Gap (Richmond Valley),2
The Gap (Wagga Wagga),7
The Glen,0
The Gulf,0
The Hatch,0
The Hill,137
The Junction,177
The Lagoon,5
The Marra,1
The Meadows,1
The Oaks,95
The Pilliga,34
The Pinnacles,6
The Pocket,1
The Ponds,223
The Ridgeway,4
The Risk,4
The Rock,60
The Rocks (Bathurst Regional),3
The Rocks (Sydney),686
The Sandon,0
The Slopes,1
The Whiteman,3
Theresa Creek,3
Theresa Park,12
Thirldene,0
Thirroul,536
Thora,24
Thornleigh,378
Thornton,624
Thrumster,83
Thuddungra,0
Thule,6
Thumb Creek,0
Thyra,0
Tianjara,0
Tibbuc,0
Tibooburra,17
Tichborne,7
Tighes Hill,180
Tilba Tilba,9
Tilbuster,0
Tilpa,1
Timbarra,0
Timbillica,1
Timbumburi,2
Timor,1
Tindarey,2
Tinderry,0
Tingira Heights,71
Tinonee,62
Tinpot,0
Tintenbar,28
Tintinhull,7
Tiona,2
Tipperary,1
Tiri,0
Tirrannaville,4
Titaatee Creek,0
Tocumwal,211
Tomago,77
Tomakin,68
Tomalla,0
Tombong,2
Tomboye,2
Tomerong,37
Tomewin,1
Tomingley,18
Tomki,1
Toms Creek,1
Tonderburine,0
Tongarra,11
Toogong,0
Tooleybuc,13
Toolijooa,0
Tooloom,1
Tooloon,0
Tooma,1
Toongabbie,961
Toongi,1
Toonumbar,0
Tooranie,0
Tooraweenah,11
Toorooka,4
Toothdale,5
Tootool,2
Toowoon Bay,81
Topi Topi,1
Torrington,13
Torryburn (Dungog),3
Torryburn (Uralla),3
Totnes Valley,0
Tottenham,40
Toukley,775
Towallum,4
Towamba,13
Townsend,49
Towradgi,359
Towrang,8
Tralee,0
Trangie,129
Tregeagle,11
Trenayr,4
Trentham Cliffs,4
Trewilga,2
Triamble,0
Triangle Flat,0
Trundle,84
Trungley Hall,1
Trunkey Creek,3
Tubbamurra,2
Tubbul,0
Tucabia,11
Tucki Tucki,3
Tuckombil,6
Tuckurimba,4
Tuena,10
Tuggerah,1100
Tuggerawong,68
Tugrabakh,1
Tullakool,2
Tullamore,24
Tullarwalla,0
Tullera,5
Tullibigeal,24
Tulloona,1
Tullymorgan,10
Tumbarumba,144
Tumbi Umbi,392
Tumblong,10
Tumbulgum,21
Tumorrama,3
Tumut Plains,0
Tuncester,1
Tuncurry,462
Tunglebung,4
Tuntable Creek,12
Tuppal,4
Tura Beach,62
Turill,5
Turlinjah,4
Turners Flat,0
Turondale,2
Tuross,3
Tuross Head,48
Turramurra,356
Turrawan,3
Turrella,211
Turvey Park,340
Tweed Heads South,779
Tweed Heads West,413
Twelve Mile,2
Twelve Mile Creek,19
Twelve Mile Peg,0
Twenty Forests,0
Twin Rivers,1
Two Mile Flat,2
Tyalgum,16
Tyalgum Creek,3
Tygalgah,8
Tyndale,14
Tyringham,14
Uarbry,3
Uki,68
Ulamambri,4
Ulan,12
Ulladulla,587
Ulmarra,35
Ulong,34
Ultimo,1146
Underbank,0
Undercliffe,0
Ungarie,28
Unumgar,2
Upper Allyn,5
Upper Bingara,2
Upper Burringbar,8
Upper Bylong,0
Upper Colo,6
Upper Coopers Creek,2
Upper Copmanhurst,2
Upper Corindi,4
Upper Crystal Creek,4
Upper Dartbrook,2
Upper Duck Creek,0
Upper Duroby,5
Upper Eden Creek,1
Upper Fine Flower,17
Upper Growee,0
Upper Horseshoe Creek,1
Upper Horton,11
Upper Kangaroo River,4
Upper Kangaroo Valley,0
Upper Karuah River,0
Upper Lansdowne,22
Upper Macdonald,2
Upper Main Arm,11
Upper Mangrove,0
Upper Manilla,19
Upper Mongogarie,6
Upper Myall,0
Upper Nile,0
Upper Orara,36
Upper Pappinbarra,2
Upper Rollands Plains,6
Upper Rouchel,5
Upper Taylors Arm,1
Upper Tooloom,3
Upper Turon,5
Upper Wilsons Creek,6
Upsalls Creek,2
Uralba,15
Uralla,146
Urana,20
Urangeline,0
Urangeline East,4
Uranquinty,8
Urawilkie,0
Urbenville,38
Uriarra,0
Urila,3
Urliup,4
Urunga,231
Utungun,5
Vacy,19
Vale Of Clwydd,40
Valery,8
Valla,53
Valla Beach,55
Valley Heights,59
Varroville,9
Vaucluse,274
Verges Creek,8
Verona,2
Villawood,1393
Vincentia,171
Vineyard,167
Violet Hill,0
Vittoria,3
Voyager Point,23
Wadalba,203
Wadbilliga,0
Wadeville,7
Wagstaffe,26
Wahroonga,453
Waitara,197
Waitui,1
Wakefield,245
Wakeley,134
Wakool,10
Walang,3
Walbundrie,8
Walcha,133
Walcha Road,2
Waldegrave,0
Walla Walla,28
Wallabadah,22
Wallabi Point,22
Wallacetown,0
Wallacia,74
Wallaga Lake,42
Wallagoot,12
Wallamore,8
Wallanbah,2
Wallangra,2
Wallanthery,3
Wallarah,12
Wallaringa,1
Wallarobba,3
Wallaroo,16
Wallendbeen,17
Walleroobie,0
Wallingat,1
Wallis Lake,4
Wallsend,1423
Walmer,0
Wamban,1
Wambangalang,2
Wamberal,265
Wamboin,22
Wambool,2
Wambrook,1
Wanaaring,10
Wandandian,22
Wandella,1
Wandera,0
Wandook,0
Wandsworth,3
Wang Wauk,7
Wanganella,2
Wanganui,0
Wangi Wangi,174
Wantabadgery,1
Wantagong,1
Wantiool,0
Wapengo,10
Warabrook,135
Waratah,1572
Waratah West,137
Warburn,2
Wardell,62
Wardrop Valley,1
Wards Mistake,0
Wards River,6
Wareemba,36
Warialda,127
Warialda Rail,14
Warkworth,24
Warnervale,293
Warraderry,1
Warragai Creek,0
Warragamba,33
Warragoon,0
Warrah,2
Warrah Creek,7
Warrah Ridge,2
Warral,19
Warranulla,2
Warrawee,85
Warrawidgee,1
Warrazambil Creek,1
Warregah Island,0
Warrell Creek,15
Warren,312
Warri,4
Warriewood,253
Warrimoo,110
Warroo,0
Warrumbungle,0
Washpool (Clarence Valley),0
Washpool (Mid-Coast),0
Watagan,3
Waterfall,132
Watersleigh,5
Waterview,5
Waterview Heights,42
Watsons Bay,107
Wattamolla,8
Wattamondara,13
Wattle Flat,9
Wattle Grove,337
Wattle Ponds,26
Wattle Ridge,0
Wattle Springs,1
Watton,0
Wauchope,589
Waugorah,0
Waukivory,7
Waverley,462
Waverly,2
Waverton,151
Way Way,4
Wayo,0
Weabonga,0
Wean,1
Webbers Creek,1
Webbs Creek,67
Wee Jasper,119
Wee Waa,381
Weedallion,1
Weemelah,3
Weetaliba,4
Weethalle,13
Weilmoringle,2
Weismantels,0
Welaregang,8
Wellingrove,9
Wellington Vale,0
Wells Crossing,20
Wendoree Park,4
Wentworth Falls,249
Wentworth Point,324
Wentworthville,799
Werai,3
Wereboldera,1
Wermatong,3
Werombi,18
Werri Beach,14
Werrikimbe,0
Werrington,752
Werrington County,182
Werrington Downs,115
Werris Creek,205
West Ballina,262
West Bungawalbin,3
West Coraki,2
West Gosford,456
West Haven,29
West Hoxton,245
West Nowra,66
West Pennant Hills,223
West Pymble,123
West Ryde,498
West Wiangaree,4
West Wollongong,294
West Wyalong,242
Westbrook,2
Westdale (Snowy Valleys),1
Westdale (Tamworth Regional),129
Westleigh,38
Westmead,1203
Weston,365
Westwood,0
Wetuppa,0
Whale Beach,8
Wheeler Heights,31
Wheeny Creek,8
Wheeo,0
Wherrol Flat,4
Whian Whian,7
Whiporie,7
White Cliffs,14
White Rock,4
Whitebridge,105
Whiteman Creek,15
Whitlow,0
Whittingham,19
Whitton,39
Whoota,2
Wiagdon,0
Wiangaree,4
Wiarborough,2
Wickham,190
Widden,1
Widgelli,2
Wilberforce,131
Wilbetree,0
Wilcannia,502
Wild Cattle Creek,0
Wildes Meadow,7
Wiley Park,532
Willala,0
Willawarrin,14
Willbriggie,5
Willi Willi,1
Williamsdale,5
Williamtown,116
Willigobung,2
Willina,2
Willmot,464
Willoughby,184
Willoughby East,18
Willow Tree,56
Willow Vale (Kiama),3
Willow Vale (Wingecarribee),9
Willurah,0
Wilpinjong,0
Wilsons Creek,8
Wilton,104
Wimbledon,2
Wimborne,0
Winburndale,0
Windang,162
Windella,12
Windellama,13
Windera,1
Windermere,0
Windermere Park,41
Windeyer,17
Windowie,0
Windradyne,129
Windsor,1043
Windsor Downs,22
Winegrove,0
Wingadee,0
Wingello,19
Wingen,9
Winifred,1
Winmalee,148
Winston Hills,265
Winton,14
Wirlinga,2
Wirragulla,4
Wirrimah,6
Wirrimbi,2
Wirrinya,6
Wisemans Ferry,40
Wittitrin,3
Wog Wog (Bega Valley),0
Wog Wog (Queanbeyan-Palerang Regional),0
Woko,0
Wolgan Valley,0
Wollangambe,0
Wollar,7
Wollemi,0
Wolli Creek,3594
Wollogorang,6
Wollombi,12
Wollomombi,13
Wollongbar,76
Wollstonecraft,198
Wollumboola,4
Wollun,0
Wolumla,41
Wombarra,33
Wombat,28
Wombat Creek,0
Wombeyan Caves,5
Womboota,7
Wonboyn,7
Wonboyn North,1
Wondabyne,0
Wondalga,3
Wongarbon,36
Wongawilli,13
Wongo Creek,0
Wongwibinda,3
Woodberry,526
Woodbine,125
Woodburn (Richmond Valley),59
Woodburn (Shoalhaven),1
Woodcroft,256
Woodenbong,48
Woodford,60
Woodford Island,17
Woodhill,0
Woodhouselee,0
Woodlands (Eurobodalla),1
Woodlawn,0
Woodpark,48
Woodrising,49
Woodside,9
Woodsreef,5
Woodstock (Cowra),32
Woodstock (Inverell),0
Woodstock (Shoalhaven),5
Woodview,7
Woodville,11
Woody Head,0
Woolbrook,10
Woolgarlo,0
Woolgoolga,515
Wooli,53
Woollahra,283
Woollamia,22
Woolloomooloo,1375
Woolners Arm,1
Woolomin,21
Woolooma,3
Woolooware,407
Wooloweyah,10
Woolwich,25
Woomargama,8
Woombah,26
Woongarrah,157
Woonona,790
Wootton,20
Wooyung,619
Worlds End,0
Woronora,76
Woronora Dam,1
Woronora Heights,28
Worrigee,254
Worrowing Heights,18
Woy Woy,2515
Woy Woy Bay,14
Wrathall,0
Wrights Beach,7
Wrights Creek,0
Wuuluman,3
Wyalong,48
Wyan,8
Wyanbene,0
Wyangala,23
Wyangle,0
Wybung,6
Wyee Point,29
Wylie Creek,1
Wylies Flat,2
Wymah,0
Wyndham,7
Wyneden,3
Wyoming,737
Wyong Creek,20
Wyongah,80
Wyrallah,9
Yabbra,4
Yadboro,6
Yagon,1
Yagoona,1213
Yalbraith,0
Yallah,31
Yallaroi,1
Yalwal,0
Yamba,595
Yambulla,0
Yanco,55
Yanderra,18
Yanga,0
Yannergee,1
Yantabulla,1
Yaouk,1
Yarra,22
Yarrabandai,5
Yarrabin,2
Yarragal,1
Yarragrin,1
Yarragundry,3
Yarrahapinni,1
Yarramalong,9
Yarramundi,25
Yarranbella,17
Yarrangobilly,0
Yarras (Port Macquarie-Hastings),3
Yarravel,87
Yarrawa,0
Yarrawarrah,39
Yarrawonga,20
Yarrawonga Park,13
Yarrie Lake,5
Yarrow,0
Yarrowford,1
Yarrowyck,1
Yass River,6
Yathella,4
Yattalunga,10
Yatte Yattah,4
Yaven Creek,0
Yelgun,31
Yellow Dam,0
Yellow Pinch,0
Yellow Rock (Blue Mountains),17
Yellow Rock (Shellharbour),10
Yenda,58
Yennora,230
Yeoval,23
Yerong Creek,17
Yerranderie,1
Yerrinbool,70
Yerriyong,16
Yessabah,4
Yetholme,12
Yetman,5
Yippin Creek,3
Yoogali,24
Yorklea,14
Yowie Bay,43
Yowrie,1
Yullundry,0
Yuraygir,0
Zara,9
Zetland,493
Abermain,221
Adelong,125
Arakoon,22
Ashmont,966
Avondale,79
Awaba,98
Badgerys Creek,48
Bellata,23
Bellbird Heights,66
Bishops Bridge,19
Black Hill,22
Blayney,293
Brocklesby,4
Buchanan,32
Buff Point,174
Bungendore,159
Bungwahl,14
Bushells Ridge,14
Callaghan,295
Camberwell,15
Capertee,29
Carwoola,18
Clarence Town,112
Clothiers Creek,11
Clydesdale,6
Coaldale,4
Collie,15
Coraki,199
Corndale,24
Corney Town,12
Couridjah,8
Croom,13
Culburra Beach,137
Cumborah,39
Deep Creek (Kempsey),2
Denham Court,66
Dora Creek,214
Drake,48
Dulguigan,6
East Gresford,24
Eden,399
Fairy Meadow,869
Fassifern,625
Ferodale,39
Georges Hall,388
Glenbrook,275
Glennies Creek,14
Glenquarry,4
Haberfield,347
Hamlyn Terrace,314
Hassall Grove,220
Hermitage Flat,31
Hillgrove (Armidale Regional),7
Howell,10
Jerrara,3
Kangaloon,5
Karangi,20
Karuah,130
Kelvin,4
Kendall,38
Kingstown,4
Kooragang,34
Krambach,20
Kurrajong,68
Lalor Park,670
Leppington,262
Lovedale,46
Lower Belford,8
Mangerton,219
Manilla,299
Mayfield North,9
Medowie,402
Minto Heights,13
Missabotti,14
Mitchell,78
Mitchells Flat,7
Modanville,14
Monaltrie,17
Moonee Beach,108
Mount Arthur,12
Mount Austin,729
Mount Kembla,45
Mount Olive (Oberon),2
Mullion Creek,18
Myuna Bay,5
Nambucca Heads,864
Nelson (The Hills Shire),10
Nelsons Plains,9
North Bourke,23
Nulkaba,79
Paxton,71
Pelaw Main,117
Port Kembla,1086
Pulganbar,2
Quirindi,453
Quorrobolong,18
Razorback,32
Rocky Point,13
Round Mountain,17
Runnyford,3
San Remo,367
Sandy Flat,5
Scone,442
Seaforth,158
Seahampton,15
Sedgefield,15
Silverdale,79
South Wentworthville,296
Springvale (Wagga Wagga),25
Sussex Inlet,224
Tallawang,2
Tamarama,78
Tarana,8
Temagog,12
Teralba,423
Terramungamine,12
Tharbogang,30
The Channon,18
Thirlmere,141
Thurgoona,264
Tingha,143
Tocal,5
Tolland,871
Toormina,498
Tregear,580
Tullimbar,17
Valentine,94
Walgett,814
Wallalong,23
Wallerawang,158
Watsons Creek,5
Wedderburn,44
Welby,38
Wentworth,196
West Kempsey,1032
West Wallsend,182
Wisemans Creek,3
Woodlands (Wingecarribee),6
Wybong,15
Yarras (Bathurst Regional),1
Yarratt Forest,4
Adamstown Heights,169
Albion Park Rail,664
Ambarvale,707
Armidale,3619
Austral,148
Ballina,1400
Bass Hill,883
Bathurst,1752
Bellambi,726
Beresfield,980
Bexhill,17
Blacktown,16453
Bonnyrigg,534
Bonville,70
Bourke,1499
Broadmeadow,1213
Broken Hill,2313
Bucca,20
Buronga,135
Byron Bay,2449
Cabramatta,4538
Cameron Park,355
Campbelltown,8510
Canley Vale,704
Cardiff,1556
Carlingford,708
Cartwright,284
Castlereagh,70
Casula,1234
Cessnock,2548
Coffs Harbour,4621
Colyton,527
Coonabarabran,536
Coonamble,777
Corrimal,802
Cowra,1360
Crestwood,319
Darlinghurst,2845
Deniliquin,853
Dharruk,283
Doonside,1831
Dubbo,6650
Dungowan,31
Eagle Vale,315
East Albury,390
East Maitland,1432
Edensor Park,296
Edgeworth,476
Emerton,573
Exeter,59
Fairfield,2977
Figtree,501
Forbes,1116
Freemans Waterhole,67
Gateshead,331
Gilgandra,458
Glen Innes,1104
Glenfield,3011
Griffith,2860
Guildford,1841
Gunnedah,1052
Hay,417
Inverell,1498
Jewells,98
Kellyville,692
Kellyville Ridge,267
Kelso,906
Kingscliff,363
Koonawarra,267
Kurri Kurri,793
Lake Illawarra,371
Lavington,1543
Lightning Ridge,391
Lismore,1790
Lithgow,925
Liverpool,10620
Llandilo,86
Macquarie Fields,2486
Maitland,1774
Middleton Grange,170
Minchinbury,439
Minto,1950
Miranda,2427
Moorebank,707
Moree,3008
Mount Druitt,7975
Mount Hutton,385
Mudgee,1308
Murrumbateman,38
Murwillumbah,434
Muswellbrook,1835
Narara,475
Narellan,868
Narrabeen,409
Narrabri,989
New Lambton,514
Newcastle,1566
North St Marys,592
Nowra,2701
Oakhurst,347
Old Erowal Bay,42
Orange,5147
Ourimbah,447
Paddington,783
Parkes,1689
Pendle Hill,560
Penrith,6618
Pheasants Nest,37
Port Macquarie,3622
Quakers Hill,1182
Queanbeyan,1581
Raymond Terrace,2290
Redfern,5623
Richmond,1238
Riverwood,1632
Rosemeadow,646
Ruse,287
Rydalmere,409
Salamander Bay,454
Seven Hills,2567
Singleton,889
Somersby,118
South Albury,247
South Grafton,1242
South Granville,421
South Gundagai,98
South Kempsey,580
South Windsor,741
Springfield (Central Coast),198
St Clair (Penrith),766
St Ives,283
St Marys,6392
Sutherland,3107
Tamworth,1233
Tanilba Bay,165
Taree,2896
The Entrance,935
Toronto,718
Tumut,935
Tweed Heads,1326
Tyagarah,189
Umina Beach,1038
Unanderra,1014
Wagga Wagga,2416
Warilla,736
Warners Bay,557
Warrawong,1318
Warwick Farm,2075
Watanobbi,303
Waterloo,1745
Wellington,1729
West Albury,229
West Bathurst,334
West Tamworth,1293
Wetherill Park,632
Whalan,933
Windale,718
Wingham,302
Wollongong,6592
Wyee,525
Wyong,2080
Yarrowitch,65
Yass,407
Young,1047
Bradbury,623
Kingswood (Penrith),1911
Hamilton,3129
Ingleburn,2303
