Postcode,Suburb
2176,Abbotsbury
2046,Abbotsford
2325,Aberdare
2336,Aberdeen
2326,Abermain
2325,Abernethy
2763,Acacia Gardens
2350,Acacia Park
2476,Acacia Plateau
2629,Adaminaby
2289,Adamstown
2289,Adamstown Heights
2729,Adelong
2727,Adjungbilly
2560,Airds
2873,Albert
2527,Albion Park
2527,Albion Park Rail
2640,Albury
2870,Alectown
1435,Alexandria
2015,Alexandria
2234,Alfords Point
2100,Allambie
2100,Allambie Heights
2218,Allawah
2425,Allworth
2311,Allynbrook
2477,Alstonville
2560,Ambarvale
2631,Ando
2316,Anna Bay
2038,Annandale
2156,Annangrove
2560,Appin
2622,Araluen
2159,Arcadia
2283,Arcadia Vale
2338,Ardglen
2665,Ardlethan
2284,Argenton
2449,Argents Hill
2707,Argoon
2665,Ariah Park
2831,Armatree
2350,Armidale
2205,Arncliffe
2456,Arrawarra Headland
1570,Artarmon
2064,Artarmon
2820,Arthurville
2193,Ashbury
2168,Ashcroft
1800,Ashfield
2131,Ashfield
2361,Ashford
2400,Ashley
2650,Ashmont
2323,Ashtonfield
2077,Asquith
2345,Attunga
1835,Auburn
2144,Auburn
2232,Audley
2515,Austinmer
2171,Austral
1215,Australia Square
2890,Australian Defence Force
2107,Avalon Beach
2577,Avoca
2251,Avoca Beach
2283,Awaba
2575,Aylmerton
2390,Baan Baa
2729,Back Creek
2470,Backmede
2171,Badgerys Creek
2333,Baerami Creek
2446,Bagnoo
2820,Bakers Swamp
2529,Balarang
2795,Bald Ridge
2867,Baldry
2093,Balgowlah
2093,Balgowlah Distribution Centre
2519,Balgownie
2324,Balickera
2831,Balladoran
2622,Ballalaba
2646,Balldale
2441,Ballengarra
2830,Ballimore
2478,Ballina
2478,Ballina Distribution Centre
2795,Ballyroe
2041,Balmain
2283,Balmoral
2571,Balmoral Village
2715,Balranald
2540,Bamarang
2420,Bandon Grove
2541,Bangalee
2479,Bangalow
2234,Bangor
2216,Banksia
2019,Banksmeadow
1885,Bankstown
2200,Bankstown
2200,Bankstown North
2200,Bankstown Square
2580,Bannister
2486,Banora Point
2300,Bar Beach
2396,Baradine
2470,Baraimal
2234,Barden Ridge
2207,Bardwell Park
2207,Bardwell Valley
2665,Barellan
2574,Bargo
2732,Barham
2668,Barmedman
2278,Barnsley
3644,Barooga
2347,Barraba
2528,Barrack Heights
2528,Barrack Point
2546,Barragga Bay
2577,Barrengarry
2422,Barrington
2840,Barringun
2799,Barry
2460,Baryulgil
2540,Basin View
2197,Bass Hill
2261,Bateau Bay
2536,Batehaven
2536,Batemans Bay
2795,Bathurst
2730,Batlow
1755,Baulkham Hills
2153,Baulkham Hills
2539,Bawley Point
2261,Bay Village
2104,Bayview
2100,Beacon Hill
2014,Beaconsfield
2015,Beaconsfield
2155,Beaumont Hills
2546,Beauty Point
2665,Beckom
2871,Bedgerebong
2446,Beechwood
2119,Beecroft
2680,Beelbangera
2550,Bega
2422,Belbora
2191,Belfield
2335,Belford
2786,Bell
2153,Bella Vista
2518,Bellambi
2446,Bellangry
2397,Bellata
2535,Bellawongarah
2325,Bellbird
2440,Bellbrook
2023,Bellevue Hill
2440,Bellimbopinni
2454,Bellingen
2280,Belmont
2192,Belmore
2085,Belrose
2085,Belrose West
2550,Bemboka
2026,Ben Buckler
2365,Ben Lomond
2536,Benandarah
2539,Bendalong
2355,Bendemeer
2803,Bendick Murrell
2680,Benerembah
2290,Bennetts Green
2251,Bensville
2480,Bentley
2141,Berala
2322,Beresfield
2537,Bergalia
2506,Berkeley
2261,Berkeley Vale
2765,Berkshire Park
2546,Bermagui
2081,Berowra
2082,Berowra Heights
2082,Berowra Waters
2548,Berrambool
2540,Berrara
2628,Berridale
2712,Berrigan
2159,Berrilee
2577,Berrima
2539,Berringer Lake
2535,Berry
2590,Bethungra
2217,Beverley Park
2209,Beverly Hills
2480,Bexhill
2207,Bexley
2207,Bexley North
2207,Bexley South
2632,Bibbenluke
2770,Bidwill
2583,Bigga
2486,Bilambil
2680,Bilbul
2107,Bilgola
2483,Billinudgel
2758,Bilpin
2810,Bimbi
2536,Bimbimbie
2584,Binalong
2583,Binda
2404,Bingara
2537,Bingie
2479,Binna Burra
2395,Binnaway
2665,Binya
2041,Birchgrove
2287,Birmingham Gardens
2844,Birriwa
2143,Birrong
2326,Bishops Bridge
2322,Black Hill
2365,Black Mountain
2787,Black Springs
2372,Black Swamp
2283,Blackalls Park
2529,Blackbutt
2770,Blackett
2785,Blackheath
2444,Blackmans Point
2281,Blacksmiths
2148,Blacktown
2148,Blacktown Westpoint
2343,Blackville
2256,Blackwall
2560,Blair Athol
2559,Blairmount
2221,Blakehurst
2338,Blandford
2583,Blanket Flat
2142,Blaxcell
2774,Blaxland
2758,Blaxlands Ridge
2799,Blayney
2113,Blenheim Road
2756,Bligh Park
2713,Blighty
2261,Blue Bay
2262,Blue Haven
2450,Boambee
2316,Boat Harbour
2484,Boat Harbour
2429,Bobin
2316,Bobs Farm
2545,Bodalla
2820,Bodangora
2825,Bogan
2876,Bogan Gate
2488,Bogangar
2409,Boggabilla
2382,Boggabri
2430,Bohnock
2372,Bolivia
2540,Bolong
2283,Bolton Point
2320,Bolwarra
2541,Bomaderry
2632,Bombala
2533,Bombo
2469,Bonalbo
2026,Bondi
2026,Bondi Beach
1355,Bondi Junction
2022,Bondi Junction
2264,Bonnells Bay
2226,Bonnet Bay
2445,Bonny Hills
2177,Bonnyrigg
2177,Bonnyrigg Heights
2361,Bonshaw
2257,Booker Bay
2582,Bookham
2423,Boolambayte
2284,Boolaroo
2711,Booligal
2405,Boomi
2372,Boonoo Boonoo
2284,Booragul
2425,Booral
2586,Boorowa
2329,Borambil
2652,Boree Creek
2800,Borenore
2622,Boro
2176,Bossley Park
2453,Bostobrick
1455,Botany
2019,Botany
2840,Bourke
2550,Bournda
2566,Bow Bowing
2800,Bowen
2753,Bowen Mountain
2790,Bowenfels
2340,Bowling Alley Point
2644,Bowna
2582,Bowning
2576,Bowral
2449,Bowraville
2765,Box Hill
2560,Bradbury
2622,Braidwood
2324,Brandy Hill
2335,Branxton
2484,Bray Park
2581,Breadalbane
2626,Bredbo
2381,Breeza
2422,Bretti
2839,Brewarrina
2795,Brewongle
2594,Bribbaree
2453,Briggsvale
2216,Brighton-le-Sands
2264,Brightwaters
2611,Brindabella
2171,Bringelly
3707,Bringenbrong
2292,Broadmeadow
2472,Broadwater
2549,Broadwater
2007,Broadway
2830,Brocklehurst
2642,Brocklesby
2550,Brogo
2330,Broke
2481,Broken Head
2880,Broken Hill
2024,Bronte
2479,Brooklet
2083,Brooklyn
2100,Brookvale
2463,Brooms Head
2537,Broulee
2799,Browns Creek
2530,Brownsville
2540,Brundee
2722,Brungle
2323,Brunkerville
2483,Brunswick Heads
2460,Brushgrove
2536,Buckenbowra
2535,Budderoo
2262,Budgewoi
2262,Buff Point
2357,Bugaldie
2360,Bukkulla
2423,Bulahdelah
2330,Bulga
2784,Bullaburra
2516,Bulli
2794,Bumbaldry
2324,Bundabah
2578,Bundanoon
2359,Bundarra
2230,Bundeena
2422,Bundook
2630,Bungarby
2621,Bungendore
2580,Bungonia
2372,Bungulla
2423,Bungwahl
2731,Bunnaloo
2337,Bunnan
2429,Bunyah
2630,Bunyan
2380,Burburgate
2671,Burcher
2672,Burgooney
2739,Buronga
2620,Burra
2576,Burradoo
2795,Burraga
2550,Burragate
2577,Burrawang
2429,Burrell Creek
2386,Burren Junction
2540,Burrier
2539,Burrill Lake
2483,Burringbar
2582,Burrinjuck
2642,Burrumbuttock
1805,Burwood
2134,Burwood
2136,Burwood Heights
2168,Busby
2283,Buttaba
2571,Buxton
2446,Byabarra
2669,Bygalorie
2849,Bylong
2831,Byrock
2481,Byron Bay
2477,Cabbage Tree Island
2166,Cabramatta
2629,Cabramurra
2648,Cal Lal
2340,Calala
2710,Caldwell
2250,Calga
2308,Callaghan
2540,Callala Bay
2540,Callala Beach
2330,Camberwell
2540,Cambewarra
2747,Cambridge Park
2570,Camden
2443,Camden Head
2570,Camden Park
2142,Camellia
2062,Cammeray
2560,Campbelltown
1450,Camperdown
2050,Camperdown
2194,Campsie
2318,Campvale
2281,Cams Wharf
2046,Canada Bay
2550,Candelo
2460,Cangai
2166,Canley Heights
2166,Canley Vale
2825,Canonba
2804,Canowindra
2193,Canterbury
2429,Caparra
2846,Capertee
2623,Captains Flat
2650,Carabost
2810,Caragabal
2791,Carcoar
2285,Cardiff
2107,Careel Bay
2283,Carey Bay
2800,Cargo
2831,Carinda
1495,Caringbah
2229,Caringbah
2118,Carlingford
2118,Carlingford Court
2218,Carlton
2486,Carool
2343,Caroona
2440,Carrai
2163,Carramar
2711,Carrathool
2294,Carrington
2324,Carrington
2340,Carroll
2330,Carrowbrook
2221,Carss Park
2168,Cartwright
2453,Cascade
2470,Casino
2470,Casino West
2329,Cassilis
2069,Castle Cove
1765,Castle Hill
2154,Castle Hill
2068,Castlecrag
2749,Castlereagh
2170,Casula
2170,Casula Mall
2536,Catalina
2632,Cathcart
2171,Catherine Field
2281,Catherine Hill Bay
2756,Cattai
2281,Caves Beach
2570,Cawdor
2474,Cawongla
2171,Cecil Hills
2171,Cecil Park
2324,Cells River
2021,Centennial Park
2775,Central Macdonald
2546,Central Tilba
2325,Cessnock
2325,Cessnock Dc
2325,Cessnock West
2259,Chain Valley Bay
2630,Chakola
2848,Charbon
2678,Charles Sturt University
2290,Charlestown
2624,Charlottes Pass
2263,Charmhaven
2430,Chatham
2057,Chatswood
2067,Chatswood
2067,Chatswood Dc
2067,Chatswood West
2469,Chatsworth
2119,Cheltenham
2126,Cherrybrook
2162,Chester Hill
2036,Chifley
2484,Chillingham
2487,Chinderah
2008,Chippendale
2170,Chipping Norton
2153,Chisholm Centre
2046,Chiswick
2261,Chittaway Bay
2261,Chittaway Point
2190,Chullora
2105,Church Point
2848,Clandulla
2790,Clarence
2321,Clarence Town
2756,Clarendon
2559,Claymore
2206,Clemton Park
2515,Clifton
2093,Clontarf
2031,Clovelly
2031,Clovelly West
2480,Clunes
2440,Clybucca
2142,Clyde
2283,Coal Point
2508,Coalcliff
2460,Coaldale
2835,Cobar
2790,Cobar Park
2550,Cobargo
2347,Cobbadah
2570,Cobbitty
2844,Cobbora
2450,Coffs Harbour
2450,Coffs Harbour Dc
2537,Coila
2707,Coleambally
2515,Coledale
2833,Collarenebri
2097,Collaroy
2097,Collaroy Beach
2097,Collaroy Plateau
2581,Collector
2827,Collie
2650,Collingullie
2440,Collombatti
2343,Colly Blue
2756,Colo
2575,Colo Vale
2760,Colyton
2440,Comara
2829,Combara
2429,Comboyne
2832,Come By Chance
2226,Como
2710,Conargo
2137,Concord
2139,Concord Repatriation Hospital
2138,Concord West
2200,Condell Park
2877,Condobolin
2484,Condong
2325,Congewai
2537,Congo
2500,Coniston
2539,Conjola
2539,Conjola Park
2221,Connells Point
2878,Conoble
2380,Coocooboonah
2034,Coogee
2870,Cookamidgera
2650,Cookardinia
2300,Cooks Hill
2831,Coolabah
2727,Coolac
2843,Coolah
2701,Coolamon
2535,Coolangatta
2402,Coolatai
2729,Cooleys Creek
2423,Coolongolook
2630,Cooma
2470,Coombell
2357,Coonabarabran
2829,Coonamble
2426,Coopernook
2265,Cooranbong
2590,Cootamundra
2251,Copacabana
2422,Copeland
2460,Copmanhurst
2471,Coraki
2450,Coramba
2705,Corbie Hill
2526,Cordeaux Heights
2456,Corindi Beach
2315,Corlette
2480,Corndale
2756,Cornwallis
2700,Corobimilla
2646,Corowa
2518,Corrimal
2571,Couridjah
2460,Coutts Crossing
2081,Cowan
2460,Cowper
2794,Cowra
2483,Crabbes Creek
2632,Craigie
2749,Cranebrook
2422,Craven
2090,Cremorne
2090,Cremorne Junction
2440,Crescent Head
2502,Cringila
2099,Cromer
2230,Cronulla
2400,Crooble
2583,Crooked Corner
2583,Crookwell
2411,Croppa Creek
2441,Crossmaglen
2280,Croudace Bay
2427,Crowdy Head
1585,Crows Nest
2065,Crows Nest
2803,Crowther
2132,Croydon
2133,Croydon Park
2832,Cryon
2484,Crystal Creek
2864,Cudal
2487,Cudgen
2484,Cudgera Creek
2540,Cudmirrah
2540,Culburra Beach
2660,Culcairn
2790,Cullen Bullen
2832,Cumborah
2867,Cumnock
2424,Cundle Flat
2430,Cundletown
2539,Cunjurong
2827,Curban
2096,Curl Curl
2381,Curlewis
2648,Curlwaa
2342,Currabubula
2567,Currans Hill
2540,Currarong
2536,Currowan
2388,Cuttabri
2546,Cuttagee
2032,Daceyville
2257,Daleys Point
2628,Dalgety
2546,Dalmeny
2581,Dalton
2335,Dalwood
2477,Dalwood
2309,Dangar
2083,Dangar Island
2530,Dapto
2793,Darbys Falls
2717,Dareton
2786,Dargan
2795,Dark Corner
2508,Darkes Forest
2027,Darling Point
1300,Darlinghurst
2010,Darlinghurst
2008,Darlington
2706,Darlington Point
2878,Darnick
2870,Daroobalgie
2336,Dartbrook
2085,Davidson
2336,Davis Creek
2251,Davistown
2000,Dawes Point
2646,Daysdale
2761,Dean Park
2099,Dee Why
2371,Deepwater
2633,Delegate
2403,Delungra
2565,Denham Court
2536,Denhams Beach
2710,Deniliquin
2114,Denistone
2112,Denistone East
2114,Denistone West
2328,Denman
2877,Derriwong
2537,Deua
2537,Deua River Valley
2770,Dharruk
2430,Diamond Beach
2546,Dignams Creek
2404,Dinoga
2470,Dobies Bight
2550,Doctor George Mountain
2229,Dolans Bay
2484,Doon Doon
2767,Doonside
2259,Dooralong
2264,Dora Creek
2453,Dorrigo
2480,Dorroughby
1360,Double Bay
2028,Double Bay
2470,Doubtful Creek
2569,Douglas Park
2030,Dover Heights
2650,Downside
2262,Doyalson
2820,Dripstone
1470,Drummoyne
2047,Drummoyne
2830,Dubbo
2787,Duckmaloi
2290,Dudley
2084,Duffys Forest
2203,Dulwich Hill
2484,Dunbible
2443,Dunbogan
2117,Dundas
2370,Dundee
2453,Dundurrabin
2844,Dunedoo
2484,Dungay
2420,Dungog
2340,Dungowan
2795,Dunkeld
2529,Dunmore
2480,Dunoon
2158,Dural
2330,Dural
2795,Duramana
2487,Duranbah
2344,Duri
2536,Durras North
2259,Durren Durren
2429,Dyers Crossing
2470,Dyraaba
2470,Dyraaba Central
2470,Dyraaba Creek
2558,Eagle Vale
2324,Eagleton
2206,Earlwood
2640,East Albury
2350,East Armidale
2250,East Gosford
2311,East Gresford
2213,East Hills
2070,East Lindfield
2536,East Lynne
2323,East Maitland
2113,East Ryde
2324,East Seaham
2766,Eastern Creek
2004,Eastern Suburbs Mc
2036,Eastgardens
2018,Eastlakes
2122,Eastwood
2756,Ebenezer
2453,Ebor
2333,Edderton
2551,Eden
2176,Edensor Park
2027,Edgecliff
2390,Edgeroi
2285,Edgeworth
2285,Edgeworth Dc
2787,Edith
2171,Edmondson Park
2795,Eglinton
2429,Elands
2101,Elanora Heights
2335,Elderslie
2570,Elderslie
2282,Eleebana
2287,Elermore Vale
2011,Elizabeth Bay
2325,Ellalong
2470,Ellangowan
2446,Ellenborough
2337,Ellerston
2570,Ellis Lane
2831,Elong Elong
2325,Elrington
2360,Elsmore
2480,Eltham
2105,Elvina Bay
2456,Emerald Beach
2770,Emerton
2371,Emmaville
2257,Empire Bay
2478,Empire Vale
2750,Emu Plains
2136,Enfield
2133,Enfield South
2233,Engadine
2560,Englorie Park
2042,Enmore
2350,Enmore
2358,Enmore
2840,Enngonia
1710,Epping
2121,Epping
2264,Eraring
2669,Erigolia
2250,Erina
2250,Erina Fair
2260,Erina Heights
1700,Ermington
2115,Ermington
2540,Erowal Bay
2759,Erskine Park
2043,Erskineville
2558,Eschol Park
2257,Ettalong Beach
2474,Ettrick
2877,Euabalong
2866,Euchareena
2628,Eucumbene
2806,Eugowra
2831,Eumungerie
2441,Eungai Creek
2441,Eungai Rail
2484,Eungella
2480,Eureka
2737,Euston
2473,Evans Head
2015,Eveleigh
2579,Exeter
2430,Failford
1860,Fairfield
2165,Fairfield
2165,Fairfield East
2165,Fairfield Heights
2165,Fairfield West
2094,Fairlight
2470,Fairy Hill
2519,Fairy Meadow
2540,Falls Creek
2320,Farley
2526,Farmborough Heights
2820,Farnham
2283,Fassifern
2776,Faulconbridge
2480,Federal
2283,Fennell Bay
2295,Fern Bay
2479,Fernleigh
2454,Fernmount
2159,Fiddletown
2875,Fifield
2525,Figtree
2315,Fingal Bay
2487,Fingal Head
2713,Finley
2429,Firefly
2283,Fishing Point
2577,Fitzroy Falls
2046,Five Dock
2287,Fletcher
2529,Flinders
2280,Floraville
2444,Flynns Beach
2871,Forbes
2840,Fords Bridge
2651,Forest Hill
2798,Forest Reefs
2087,Forestville
2260,Forresters Beach
2428,Forster
2428,Forster Dc
2428,Forster Shopping Village
2534,Foxground
2440,Frederickton
2756,Freemans Reach
2323,Freemans Waterhole
2795,Freemantle
2655,French Park
1639,Frenchs Forest
1640,Frenchs Forest
2086,Frenchs Forest
2086,Frenchs Forest Dc
2583,Fullerton
2318,Fullerton Cove
2370,Furracabad
2585,Galong
2652,Galore
2159,Galston
2702,Ganmain
2405,Garah
2011,Garden Island
2289,Garden Suburb
2871,Garema
2797,Garland
2866,Garra
2345,Garthowen
2290,Gateshead
2795,Gemalla
2474,Geneva
2198,Georges Hall
2795,Georges Plains
2298,Georgetown
2480,Georgica
2642,Gerogery
2534,Gerringong
2534,Gerroa
2831,Geurie
2430,Ghinni Ghinni
2560,Gilead
2360,Gilgai
2827,Gilgandra
2700,Gillenbah
2321,Gillieston Heights
2720,Gilmore
2787,Gingkin
2831,Girilambone
2669,Girral
2145,Girraween
2425,Girvan
1675,Gladesville
2111,Gladesville
2440,Gladstone
2037,Glebe
2560,Glen Alpine
2846,Glen Davis
2370,Glen Innes
2321,Glen William
2773,Glenbrook
2365,Glencoe
2285,Glendale
2761,Glendenning
2167,Glenfield
2650,Glenfield Park
2156,Glenhaven
2745,Glenmore Park
2330,Glennies Creek
2261,Glenning Valley
2157,Glenorie
2450,Glenreagh
2768,Glenwood
2756,Glossodia
2422,Gloucester
2738,Gol Gol
2580,Golspie
2736,Goodnight
2831,Goodooga
2652,Goolgowi
2852,Goolma
2480,Goolmangar
2805,Gooloogong
2480,Goonellabah
2482,Goonengerry
2870,Goonumbla
2072,Gordon
2065,Gore Hill
2263,Gorokan
2250,Gosford
2250,Gosford West
2580,Goulburn
2340,Gowrie
2583,Grabben Gullen
2460,Grafton
2460,Grafton West
2729,Grahamstown
2360,Graman
2142,Granville
2570,Grasmere
2441,Grassy Head
2401,Gravesend
2232,Grays Point
2730,Green Hills
2251,Green Point
2428,Green Point
2168,Green Valley
2190,Greenacre
2546,Greendale
2745,Greendale
2809,Greenethorpe
2176,Greenfield Park
2323,Greenhills
2440,Greenhills
2330,Greenlands
2540,Greenwell Point
2065,Greenwich
2549,Greigs Flat
2810,Grenfell
2311,Gresford
2334,Greta
2474,Grevillia
2145,Greystanes
2680,Griffith
2666,Grogan
2652,Grong Grong
2753,Grose Vale
2753,Grose Wold
1220,Grosvenor Place
2669,Gubbata
2536,Guerilla Bay
2161,Guildford
2161,Guildford West
2828,Gulargambone
2852,Gulgong
2710,Gulpa
2360,Gum Flat
2441,Gum Scrub
2652,Gumly Gumly
2711,Gunbar
2722,Gundagai
2620,Gundaroo
2622,Gundillion
2337,Gundy
2333,Gungal
2380,Gunnedah
2581,Gunning
2876,Gunningbland
2398,Gurley
2365,Guyra
2356,Gwabegar
2259,Gwandalan
2500,Gwynneville
2227,Gymea
2045,Haberfield
2262,Halekulani
2460,Halfway Creek
2430,Hallidays Point
2311,Halton
2303,Hamilton
2303,Hamilton East
2303,Hamilton South
2170,Hammondville
2790,Hampton
2443,Hannam Vale
2680,Hanwood
2096,Harbord
2096,Harbord West
2587,Harden
2257,Hardys Bay
2650,Harefield
2850,Hargraves
2427,Harrington
2567,Harrington Park
2150,Harris Park
2790,Hartley
2465,Harwood
2761,Hassall Grove
2489,Hastings Point
2440,Hat Head
2715,Hatfield
2850,Havilah
2777,Hawkesbury Heights
2711,Hay
1240,Haymarket
2000,Haymarket
2779,Hazelbrook
2787,Hazelgrove
2233,Heathcote
2324,Heatherbrae
2330,Hebden
2770,Hebersham
2168,Heckenberg
2321,Heddon Greta
2508,Helensburgh
2111,Henley
2658,Henty
2831,Hermidale
2453,Hernani
2443,Herons Creek
2322,Hexham
2440,Hickeys Creek
2289,Highfields
2575,High Range
2850,Hill End
2575,Hill Top
2420,Hilldale
2350,Hillgrove
2290,Hillsborough
2320,Hillsborough
2036,Hillsdale
2675,Hillston
2168,Hinchinbrook
2321,Hinton
2540,Hmas Albatross
2753,Hobartville
2795,Hobbys Yards
2644,Holbrook
2446,Hollisdale
2328,Hollydeen
2286,Holmesville
2142,Holroyd
2173,Holsworthy
2140,Homebush
2127,Homebush Bay
2171,Horningsea Park
1630,Hornsby
2077,Hornsby
1635,Hornsby Westfield
2530,Horsley
2164,Horsley Park
2330,Howes Valley
2643,Howlong
2171,Hoxton Park
2652,Humula
2310,Hunter Region Mc
2110,Hunters Hill
2446,Huntingdon
2111,Huntleys Cove
2111,Huntleys Point
2193,Hurlstone Park
2220,Hurstville
1481,Hurstville Bc
2220,Hurstville Westfield
2540,Huskisson
2540,Hyams Beach
2850,Ilford
2590,Illabo
2234,Illawong
2466,Iluka
1890,Ingleburn
2565,Ingleburn
2101,Ingleside
2360,Inverell
2350,Invergowrie
2470,Irvington
2795,Isabella
2296,Islington
2878,Ivanhoe
2460,Jackadgery
2533,Jamberoo
2226,Jannali
2535,Jaspers Brush
2622,Jembaicumbene
2790,Jenolan Caves
2350,Jeogla
2630,Jerangle
2536,Jeremadra
2716,Jerilderie
2619,Jerrabomberra
2330,Jerrys Plains
2431,Jerseyville
2299,Jesmond
2280,Jewells
2259,Jilliby
2627,Jindabyne
2642,Jindera
2642,Jingellic
2443,Johns River
2795,Judds Creek
2726,Jugiong
2460,Junction Hill
2663,Junee
2290,Kahibah
2454,Kalang
2665,Kamarah
2530,Kanahooka
2848,Kandos
2576,Kangaloon
2460,Kangaroo Creek
2224,Kangaroo Point
2577,Kangaroo Valley
2258,Kangy Angy
2259,Kanwal
2661,Kapooka
2620,Karabar
2450,Karangi
2232,Kareela
2250,Kariong
2337,Kars Springs
2324,Karuah
2780,Katoomba
2558,Kearns
2325,Kearsley
2500,Keiraville
2478,Keith Hall
2155,Kellyville
2155,Kellyville Ridge
2795,Kelso
2380,Kelvin
2526,Kembla Grange
2505,Kemblawarra
2171,Kemps Creek
2440,Kempsey
2439,Kendall
2396,Kenebri
1465,Kensington
2033,Kensington
2156,Kenthurst
2560,Kentlyn
2354,Kentucky
2328,Kerrabee
2439,Kew
2642,Khancoban
2551,Kiah
2583,Kialla
2533,Kiama
2629,Kiandra
2283,Kilaben Bay
2429,Killabakh
2071,Killara
2087,Killarney Heights
2261,Killarney Vale
2257,Killcare
2278,Killingworth
2429,Kimbriki
2251,Kincumber
1340,Kings Cross
2011,Kings Cross
2147,Kings Langley
2148,Kings Park
2487,Kingscliff
2580,Kingsdale
2118,Kingsdene
2032,Kingsford
1480,Kingsgrove
2208,Kingsgrove
2358,Kingstown
2587,Kingsvale
2208,Kingsway West
2340,Kingswood
2550,Kingswood
2747,Kingswood
2539,Kioloa
2537,Kiora
2232,Kirrawee
2232,Kirrawee Dc
2061,Kirribilli
2325,Kitchener
2424,Knorrit Flat
1485,Kogarah
2217,Kogarah
2217,Kogarah Bay
2430,Kolodong
2403,Koloona
2256,Koolewong
2530,Koonawarra
2304,Kooragang
2430,Koorainghat
2807,Koorawatha
2650,Kooringal
2352,Kootingal
2735,Koraleigh
2450,Korora
2289,Kotara
2305,Kotara East
2289,Kotara Fair
2429,Krambach
2250,Kulnura
2441,Kundabung
2484,Kunghur
2757,Kurmond
2231,Kurnell
2758,Kurrajong
2327,Kurri Kurri
2734,Kyalite
2216,Kyeemagh
2221,Kyle Bay
2474,Kyogle
2036,La Perouse
2652,Ladysmith
2583,Laggan
2325,Laguna
2650,Lake Albert
2580,Lake Bathurst
2672,Lake Cargelligo
2445,Lake Cathie
2539,Lake Conjola
2263,Lake Haven
2502,Lake Heights
2528,Lake Illawarra
2259,Lake Munmorah
2680,Lake Wyangan
2282,Lakelands
2195,Lakemba
2195,Lakemba Dc
2572,Lakesland
2147,Lalor Park
2299,Lambton
1595,Lane Cove
2066,Lane Cove
2066,Lane Cove West
2426,Langley Vale
2166,Lansvale
2773,Lapstone
2320,Largs
2866,Larras Lee
2775,Laughtondale
2649,Laurel Hill
2443,Laurieton
2060,Lavender Bay
2641,Lavington
2640,Lavington Dc
2460,Lawrence
2783,Lawson
2844,Leadville
2705,Leeton
2470,Leeville
2476,Legume
2040,Leichhardt
2259,Lemon Tree
2319,Lemon Tree Passage
2322,Lenaghan
2478,Lennox Head
2750,Leonay
2171,Leppington
2770,Lethbridge Park
2560,Leumeah
2780,Leura
2049,Lewisham
1825,Lidcombe
2141,Lidcombe
2333,Liddell
2790,Lidsdale
2834,Lightning Ridge
2229,Lilli Pilli
2536,Lilli Pilli
2040,Lilyfield
2352,Limbri
2324,Limeburners Creek
2583,Limerick
2778,Linden
2070,Lindfield
2070,Lindfield West
2066,Linley Point
2250,Lisarow
2480,Lismore
2480,Lismore Dc
2372,Liston
2790,Lithgow
2036,Little Bay
2790,Little Hartley
2360,Little Plain
1871,Liverpool
2170,Liverpool
2170,Liverpool Bc
2170,Liverpool South
2747,Llandilo
2365,Llangothlin
2321,Lochinvar
2656,Lockhart
2795,Locksley
2232,Loftus
2753,Londonderry
2536,Long Beach
2446,Long Flat
2261,Long Jetty
2261,Long Jetty Dc
2564,Long Point
2066,Longueville
2898,Lord Howe Island
2320,Lorn
2439,Lorne
2311,Lostock
2840,Louth
2105,Lovett Bay
2450,Lowanna
2450,Lower Bucca
2440,Lower Creek
2775,Lower Hawkesbury
2250,Lower Mangrove
2756,Lower Portland
2646,Lowesdale
2790,Lowther
2326,Loxford
2234,Lucas Heights
2800,Lucknow
2745,Luddenham
2850,Lue
2210,Lugarno
2170,Lurnea
2474,Lynchs Creek
2797,Lyndhurst
2716,Mabins Well
2447,Macksville
2463,Maclean
2251,Macmasters Beach
2113,Macquarie Centre
2564,Macquarie Fields
2565,Macquarie Links
2113,Macquarie Park
2109,Macquarie University
2350,Madgwick
2230,Maianbar
2320,Maitland
2320,Maitland Dc
2320,Maitland North
2622,Majors Creek
2036,Malabar
2319,Mallabula
2469,Mallanganee
2536,Maloneys Beach
2536,Malua Bay
2200,Manahan
2870,Mandagery
2264,Mandalong
2792,Mandurama
2500,Mangerton
2652,Mangoplah
2250,Mangrove Mountain
2865,Manildra
2346,Manilla
1655,Manly
2095,Manly
2093,Manly Vale
2259,Mannering Park
2430,Manning Point
2653,Mannus
2539,Manyana
2765,Maraylya
2148,Marayong
2800,March
2280,Marks Point
2423,Markwell
2429,Marlee
2284,Marmong Point
2480,Marom Creek
2756,Maroota
2035,Maroubra
2790,Marrangaroo
2652,Marrar
1475,Marrickville
2204,Marrickville
2204,Marrickville Metro
2204,Marrickville South
2765,Marsden Park
2122,Marsfield
2420,Marshdale
2265,Martinsville
2579,Marulan
2287,Maryland
2820,Maryvale
2293,Maryville
1460,Mascot
2020,Mascot
2250,Matcham
2370,Matheson
2710,Mathoura
2652,Matong
2036,Matraville
2711,Maude
2304,Mayfield
2622,Mayfield
2304,Mayfield East
2304,Mayfield North
2304,Mayfield West
2710,Mayrung
2145,Mays Hill
2333,Mccullys Gap
2756,Mcgraths Hill
2480,Mckees Hill
2060,Mcmahons Point
2795,Meadow Flat
2114,Meadowbank
2780,Medlow Bath
2318,Medowie
2477,Meerschaum Vale
2785,Megalong
2453,Megan
2114,Melrose Park
2234,Menai
2234,Menai Central
2568,Menangle
2563,Menangle Park
2842,Mendooran
2879,Menindee
2291,Merewether
2291,Merewether Heights
2548,Merimbula
2537,Meringo
2540,Meroo Meadow
2536,Merricumbene
2329,Merriwa
2652,Merriwagga
2831,Merrygoen
2160,Merrylands
2160,Merrylands West
2323,Metford
2323,Metford Dc
2350,Metz
2825,Miandetta
2620,Michelago
2442,Mid North Coast Msc
2281,Middle Camp
2068,Middle Cove
2632,Mila
2656,Milbrulong
2440,Millbank
2168,Miller
2324,Millers Forest
2000,Millers Point
2325,Millfield
2798,Millthorpe
2880,Milparinka
2214,Milperra
1891,Milperra Dc
2083,Milsons Passage
1565,Milsons Point
2061,Milsons Point
2538,Milton
2594,Milvale
2770,Minchinbury
2287,Minmi
2533,Minnamurra
2566,Minto
1490,Miranda
2228,Miranda
2330,Mirannie
2264,Mirrabooka
2665,Mirrool
2449,Missabotti
2050,Missenden Road
2330,Mitchells Flat
2575,Mittagong
2731,Moama
2153,Model Farms
2550,Mogareeka
2537,Mogendoura
2536,Mogo
2830,Mogriguy
2710,Moira
2539,Mollymook
2866,Molong
1660,Mona Vale
2103,Mona Vale
2738,Monak
2111,Monash Park
2622,Monga
2622,Mongarlowe
2470,Mongogarie
2415,Monkerai
2594,Monteagle
2217,Monterey
2483,Mooball
2665,Moombooldool
2337,Moonan Brook
2337,Moonan Flat
2353,Moonbi
2450,Moonee Beach
2083,Mooney Mooney
2429,Mooral Creek
1363,Moore Park
1875,Moorebank
2170,Moorebank
2443,Moorland
2550,Morans Crossing
2400,Moree
2264,Morisset
2321,Morpeth
2223,Mortdale
2137,Mortlake
2700,Morundah
2537,Moruya
2537,Moruya Heads
2660,Morven
2088,Mosman
2577,Moss Vale
2878,Mossgiel
2537,Mossy Point
2324,Motto Farm
2733,Moulamein
2567,Mount Annan
2650,Mount Austin
2079,Mount Colah
2795,Mount David
2770,Mount Druitt
2424,Mount George
2877,Mount Hope
2729,Mount Horeb
2570,Mount Hunter
2290,Mount Hutton
2786,Mount Irvine
2500,Mount Keira
2526,Mount Kembla
2080,Mount Kuring-Gai
2190,Mount Lewis
2200,Mount Lewis
2330,Mount Olive
2519,Mount Ousley
2519,Mount Pleasant
2170,Mount Pritchard
2774,Mount Riverview
2360,Mount Russell
2500,Mount Saint Thomas
2759,Mount Vernon
2786,Mount Victoria
2325,Mount View
2323,Mount Vincent
2528,Mount Warrigal
2250,Mount White
2786,Mount Wilson
2648,Mourquong
2850,Mudgee
2323,Mulbring
2745,Mulgoa
2756,Mulgrave
2379,Mullaley
2644,Mullengandra
2825,Mullengudgery
2800,Mullion Creek
2482,Mullumbimby
2647,Mulwala
2820,Mumbil
2550,Mumbulla Mountain
2406,Mungindi
2864,Murga
2830,Muronbung
2705,Murrami
2708,Murray Region Mc
2536,Murrengenburg
2586,Murringo
2582,Murrumbateman
2587,Murrumburrah
2338,Murrurundi
2484,Murwillumbah
2484,Murwillumbah Dc
2333,Muscle Creek
2333,Muswellbrook
2722,Muttama
2454,Mylestom
2540,Myola
2312,Nabiac
2448,Nambucca Heads
2450,Nana Glen
2722,Nangus
2669,Naradhan
2250,Narara
2567,Narellan
2567,Narellan Dc
2567,Narellan Vale
2065,Naremburn
2546,Narooma
2101,Narrabeen
2390,Narrabri
2800,Narrambla
2700,Narrandera
2099,Narraweena
2821,Narromine
2209,Narwee
2800,Nashdale
2479,Nashua
2570,Nattai
2470,Naughtons Gap
2831,Neilrex
2536,Nelligen
2550,Nelson
2765,Nelson
2315,Nelson Bay
2324,Nelsons Plains
2870,Nelungaloo
2340,Nemingha
2423,Nerong
2622,Nerriga
2545,Nerrigundah
2549,Nethercote
2820,Neurea
2089,Neutral Bay
2089,Neutral Bay Junction
2831,Nevertire
2799,Neville
2577,New Berrima
2483,New Brighton
2348,New England Mc
2305,New Lambton
2305,New Lambton Heights
2842,New Mollyan
2795,Newbridge
2300,Newcastle
2300,Newcastle East
2308,Newcastle University
2302,Newcastle West
2127,Newington
2106,Newport
2106,Newport Beach
2370,Newton Boyd
2042,Newtown
2250,Niagara Park
2354,Niangala
2480,Nimbin
2631,Nimmitabel
2794,Noonbinna
2263,Norah Head
2263,Noraville
2281,Nords Wharf
2899,Norfolk Island
2076,Normanhurst
2640,North Albury
2324,North Arm Cove
2260,North Avoca
2536,North Batemans Bay
2099,North Curl Curl
2443,North Haven
2350,North Hill
2299,North Lambton
2480,North Lismore
2100,North Manly
2546,North Narooma
1750,North Parramatta
2151,North Parramatta
2754,North Richmond
2151,North Rocks
2335,North Rothbury
2113,North Ryde
1670,North Ryde Bc
2408,North Star
2137,North Strathfield
2059,North Sydney
2060,North Sydney
2060,North Sydney Shoppingworld
2074,North Turramurra
1560,Northbridge
2063,Northbridge
2468,Northern Rivers Msc
2152,Northmead
2066,Northwood
2354,Nowendoc
2541,Nowra
2541,Nowra Dc
2325,Nulkaba
2360,Nullamanna
2540,Numbaa
2424,Number One
2628,Numbla Vale
2630,Numeralla
2484,Numinbah
2480,Numulgi
2340,Nundle
2831,Nymagee
2460,Nymboida
2825,Nyngan
2529,Oak Flats
2529,Oak Flats Dc
2570,Oakdale
2761,Oakhurst
2646,Oaklands
2765,Oakville
2117,Oatlands
2223,Oatley
2787,Oberon
2483,Ocean Shores
2430,Old Bar
2469,Old Bonalbo
2540,Old Erowal Bay
2161,Old Guildford
2652,Old Junee
2476,Old Koreelah
2146,Old Toongabbie
2875,Ootha
2800,Orange
2380,Orange Grove
2570,Orangeville
2622,Oranmeir
2748,Orchard Hills
2540,Orient Point
2324,Osterley
2508,Otford
2258,Ourimbah
2337,Owens Gap
2100,Oxford Falls
2711,Oxley
2760,Oxley Park
2340,Oxley Vale
2225,Oyster Bay
2318,Oyster Cove
2021,Paddington
2211,Padstow
2035,Pagewood
2648,Palinyewah
2399,Pallamallawa
2108,Palm Beach
2484,Palmvale
2549,Pambula
2213,Panania
2446,Pappinbarra
3500,Paringi
2870,Parkes
2768,Parklea
2337,Parkville
2123,Parramatta
2124,Parramatta
2150,Parramatta
2150,Parramatta Dc
2421,Paterson
2256,Patonga
2256,Patonga Beach
2325,Paxton
2325,Paynes Crossing
2869,Peak Hill
2630,Peak View
2210,Peakhurst
2210,Peakhurst Dc
2210,Peakhurst Heights
2256,Pearl Beach
2250,Peats Ridge
2795,Peel
2583,Peelwood
2327,Pelaw Main
2325,Pelton
2446,Pembrooke
2145,Pemulwuy
2145,Pendle Hill
1715,Pennant Hills
2120,Pennant Hills
2750,Penrith
2751,Penrith
2750,Penrith Bc
2750,Penrith South Dc
2579,Penrose
2222,Penshurst
2624,Perisher Valley
2795,Perthville
2049,Petersham
2574,Pheasants Nest
2256,Phegans Bay
2036,Phillip Bay
2213,Picnic Point
2571,Picton
2462,Pillar Valley
2388,Pilliga
2478,Pimlico
2324,Pindimar
2343,Pine Ridge
2470,Piora
2847,Pipers Flat
2756,Pitt Town
2658,Pleasant Hills
2171,Pleasure Point
2761,Plumpton
2250,Point Clare
2027,Point Piper
2320,Pokolbin
2648,Pomona
2648,Pooncarie
2036,Port Botany
2229,Port Hacking
2505,Port Kembla
2444,Port Macquarie
2444,Port Macquarie Bc
2444,Port Macquarie Dc
2787,Porters Retreat
2847,Portland
2143,Potts Hill
1335,Potts Point
2011,Potts Point
2489,Pottsville
2176,Prairiewood
2381,Premer
2170,Prestons
2170,Prestons Dc
2257,Pretty Beach
2502,Primbee
2148,Prospect
2810,Pullabooka
2381,Pullaming
2196,Punchbowl
2430,Purfleet
2357,Purlewaugh
2112,Putney
2330,Putty
2073,Pymble
2540,Pyree
2009,Pyrmont
2550,Quaama
2763,Quakers Hill
2831,Quambone
2721,Quandialla
2620,Queanbeyan
2620,Queanbeyan East
1230,Queen Victoria Building
2022,Queens Park
2096,Queenscliff
2343,Quirindi
2325,Quorrobolong
2566,Raby
2795,Raglan
2454,Raleigh
2217,Ramsgate
2217,Ramsgate Beach
2642,Rand
2031,Randwick
2287,Rankin Park
2669,Rankins Springs
2469,Rappville
2283,Rathmines
2259,Ravensdale
2330,Ravensworth
2422,Rawdon Vale
2321,Raworth
2324,Raymond Terrace
2324,Raymond Terrace East
2571,Razorback
2370,Red Range
2456,Red Rock
2016,Redfern
2290,Redhead
2330,Reedy Creek
2666,Reefton
2143,Regents Park
2745,Regentville
2586,Reids Flat
2622,Reidsdale
2646,Rennie
2454,Repton
2212,Revesby
2212,Revesby North
2138,Rhodes
2753,Richmond
2755,Richmond
2480,Richmond Hill
2472,Rileys Hill
2765,Riverstone
2066,Riverview
2210,Riverwood
2577,Robertson
2630,Rock Flat
2480,Rock Valley
2216,Rockdale
2216,Rockdale Dc
2795,Rockley
2357,Rocky Glen
2550,Rocky Hall
2046,Rodd Point
2441,Rollands Plains
2766,Rooty Hill
2029,Rose Bay
2030,Rose Bay North
2630,Rose Valley
2480,Rosebank
1445,Rosebery
2018,Rosebery
2536,Rosedale
2142,Rosehill
2196,Roselands
2560,Rosemeadow
2069,Roseville
2652,Rosewood
2580,Roslyn
2171,Rossmore
2320,Rothbury
2675,Roto
2336,Rouchel
2158,Round Corner
2477,Rous
2477,Rous Mill
2155,Rouse Hill
2387,Rowena
1225,Royal Exchange
2065,Royal North Shore Hospital
2620,Royalla
2039,Rozelle
2648,Rufus River
2583,Rugby
2474,Rukenvale
2850,Running Stream
2536,Runnyford
2560,Ruse
2011,Rushcutters Bay
2046,Russell Lea
2517,Russell Vale
2320,Rutherford
2480,Ruthven
2658,Ryan
2790,Rydal
2116,Rydalmere
1701,Rydalmere Bc
1680,Ryde
2112,Ryde
2586,Rye Park
2849,Rylstone
2168,Sadleir
2456,Safety Beach
2317,Salamander Bay
2420,Salisbury
2318,Salt Ash
2262,San Remo
2540,Sanctuary Point
2304,Sandgate
2219,Sandringham
2456,Sandy Beach
2372,Sandy Flat
2333,Sandy Hollow
2171,Sandy Point
2219,Sans Souci
2251,Saratoga
2337,Satur
2646,Savernake
2452,Sawtell
2515,Scarborough
2756,Scheyville
2762,Schofields
2337,Scone
2105,Scotland Island
2447,Scotts Head
2092,Seaforth
2324,Seaham
2423,Seal Rocks
2666,Sebastopol
2460,Seelands
2162,Sefton
1730,Seven Hills
2147,Seven Hills
2147,Seven Hills West
2470,Sextonville
2770,Shalvey
2747,Shanes Park
2470,Shannon Brook
2529,Shell Cove
2529,Shellharbour
2529,Shellharbour Square
2261,Shelly Beach
2315,Shoal Bay
2535,Shoalhaven Heads
2787,Shooters Hill
2307,Shortland
2752,Silverdale
2880,Silverton
1811,Silverwater
2128,Silverwater
2264,Silverwater
2330,Singleton
2330,Singleton Dc
2331,Singleton Milpo
2624,Smiggin Holes
2164,Smithfield
2164,Smithfield West
2428,Smiths Lake
2440,Smithtown
2790,Sodwalls
2795,Sofala
2317,Soldiers Point
2250,Somersby
2340,Somerton
2640,South Albury
2460,South Arm
2521,South Coast Mc
2536,South Durras
2483,South Golden Beach
2460,South Grafton
2350,South Hill
2221,South Hurstville
2440,South Kempsey
2549,South Pambula
2074,South Turramurra
2431,South West Rocks
2215,Southern Suburbs Mc
2589,Southern Tablelands Mc
2284,Speers Point
2775,Spencer
2820,Spicers Creek
2088,Spit Junction
2470,Spring Grove
2800,Spring Hill
2343,Spring Ridge
2666,Springdale
2250,Springfield
2777,Springwood
2775,St Albans
2566,St Andrews
2330,St Clair
2759,St Clair
2540,St Georges Basin
2560,St Helens Park
2257,St Huberts Island
2075,St Ives
2000,St James
2176,St Johns Park
1590,St Leonards
2065,St Leonards
1790,St Marys
2760,St Marys
2350,St Patricks
2031,St Pauls
2044,St Peters
2044,St Peters Dc
2327,Stanford Merthyr
2335,Stanhope
2768,Stanhope Gardens
2048,Stanmore
2369,Stannifer
2371,Stannum
2508,Stanwell Park
2508,Stanwell Tops
2337,Stewarts Brook
2725,Stockinbingal
2295,Stockton
2295,Stockton Dc
2484,Stokers Siding
2487,Stotts Creek
2422,Stratford
2470,Stratheden
2135,Strathfield
2136,Strathfield South
2140,Strathfield West
2012,Strawberry Hills
2425,Stroud
2415,Stroud Road
2820,Stuart Town
2441,Stuarts Point
2481,Suffolk Park
2130,Summer Hill
2287,Summer Hill
2259,Summerland Point
2454,Sunny Corner
2795,Sunny Corner
2264,Sunshine
2536,Sunshine Bay
2536,Surf Beach
2536,Surfside
2010,Surry Hills
2540,Sussex Inlet
1499,Sutherland
2232,Sutherland
2620,Sutton
2577,Sutton Forest
2324,Swan Bay
2471,Swan Bay
2370,Swan Vale
2540,Swanhaven
2281,Swansea
2044,Sydenham
2000,Sydney
2001,Sydney
2020,Sydney Domestic Airport
2020,Sydney International Airport
2129,Sydney Markets
1235,Sydney South
2000,Sydney South
2224,Sylvania
2224,Sylvania Southgate
2224,Sylvania Waters
2652,Tabbita
2640,Table Top
2539,Tabourie Lake
2469,Tabulam
2259,Tacoma
2324,Tahlee
2573,Tahmoor
2720,Talbingo
2669,Tallimba
2579,Tallong
2798,Tallwood
2640,Talmalmo
2026,Tamarama
2381,Tambar Springs
2324,Tamboy
2340,Tamworth
2340,Tamworth Dc
2340,Tamworth South
2319,Tanilba Bay
2540,Tapitallee
2580,Tarago
2580,Taralga
2787,Tarana
2428,Tarbuck Bay
2652,Tarcutta
2430,Taree
2430,Taree Dc
2229,Taren Point
2229,Taren Point Dc
2518,Tarrawanna
2322,Tarro
2250,Tascott
2471,Tatham
2550,Tathra
2447,Taylors Arm
2324,Tea Gardens
2320,Telarah
2441,Telegraph Point
2117,Telopea
2666,Temora
2044,Tempe
2323,Tenambit
2754,Tennyson
2111,Tennyson Point
2372,Tenterfield
2284,Teralba
2540,Terara
2539,Termeil
2486,Terranora
2084,Terrey Hills
2260,Terrigal
2400,Terry Hie Hie
2478,Teven
2680,Tharbogang
2108,The Basin
2480,The Channon
2261,The Entrance
2300,The Hill
2291,The Junction
2570,The Oaks
2474,The Risk
2655,The Rock
2000,The Rocks
2795,The Rocks
2006,The University Of Sydney
2572,Thirlmere
2515,Thirroul
2454,Thora
2120,Thornleigh
2322,Thornton
2625,Thredbo Village
2447,Thumb Creek
2640,Thurgoona
2880,Tibooburra
2870,Tichborne
2297,Tighes Hill
2546,Tilba Tilba
2840,Tilpa
2369,Tingha
2290,Tingira Heights
2430,Tinonee
2546,Tinpot
2478,Tintenbar
2714,Tocumwal
2650,Tolland
2322,Tomago
2537,Tomakin
2540,Tomerong
2869,Tomingley
2470,Tomki
2446,Toms Creek
2864,Toogong
2736,Tooleybuc
2534,Toolijooa
2642,Tooma
2146,Toongabbie
2146,Toongabbie East
2474,Toonumbar
2831,Tooraweenah
2452,Toormina
2440,Toorooka
2261,Toowoon Bay
2283,Toronto
2371,Torrington
2873,Tottenham
2263,Toukley
2550,Towamba
2518,Towradgi
2580,Towrang
2823,Trangie
2480,Tregeagle
2770,Tregear
2421,Trevallyn
2869,Trewilga
2878,Trida
2875,Trundle
2666,Trungley Hall
2795,Trunkey
2462,Tucabia
2480,Tuckurimba
2583,Tuena
2259,Tuggerah
2259,Tuggerawong
2874,Tullamore
2669,Tullibigeal
2463,Tullymorgan
2653,Tumbarumba
2261,Tumbi Umbi
2729,Tumblong
2490,Tumbulgum
2720,Tumut
2480,Tuncester
2428,Tuncurry
2548,Tura Beach
2850,Turill
2537,Turlinjah
2795,Turondale
2537,Tuross Head
2074,Turramurra
2390,Turrawan
2205,Turrella
2650,Turvey Park
2485,Tweed Heads
2486,Tweed Heads South
2486,Tweed Heads South Dc
2485,Tweed Heads West
2850,Twelve Mile
2324,Twelve Mile Creek
2852,Two Mile Flat
2481,Tyagarah
2484,Tyalgum
2453,Tyringham
2329,Uarbry
2484,Uki
2357,Ulamambri
2850,Ulan
2539,Ulladulla
2462,Ulmarra
2450,Ulong
2007,Ultimo
2257,Umina Beach
2526,Unanderra
2206,Undercliffe
2669,Ungarie
2351,University Of New England
2522,University Of Wollongong
1466,University of New South Wales
2052,University of New South Wales
2006,University of Sydney
2422,Upper Bowman
2430,Upper Lansdowne
2423,Upper Myall
2450,Upper Orara
2336,Upper Rouchel
2477,Uralba
2358,Uralla
2645,Urana
2656,Urangeline East
2652,Uranquinty
2475,Urbenville
2611,Uriarra
2840,Urisino
2455,Urunga
2421,Vacy
2280,Valentine
2448,Valla Beach
2777,Valley Heights
2566,Varroville
2030,Vaucluse
2440,Verges Creek
2163,Villawood
2540,Vincentia
2765,Vineyard
2799,Vittoria
2171,Voyager Point
2546,Wadbilliga
2650,Wagga Wagga
2651,Wagga Wagga Raaf
2650,Wagga Wagga South
2076,Wahroonga
2077,Waitara
2278,Wakefield
2176,Wakeley
2710,Wakool
2642,Walbundrie
2354,Walcha
2832,Walgett
2659,Walla Walla
2343,Wallabadah
2745,Wallacia
2546,Wallaga Lake
2546,Wallaga Lake Heights
2360,Wallangra
2420,Wallarobba
2324,Wallaroo
2588,Wallendbeen
2845,Wallerawang
2287,Wallsend
2287,Wallsend Dc
2287,Wallsend South
2820,Walmer
2260,Wamberal
2620,Wamboin
2795,Wambool
2705,Wamoon
2840,Wanaaring
2540,Wandandian
2550,Wandella
2365,Wandsworth
2423,Wang Wauk
2710,Wanganella
2267,Wangi Wangi
2550,Wapengo
2304,Warabrook
2298,Waratah
2298,Waratah West
2477,Wardell
2422,Wards River
2046,Wareemba
2402,Warialda
2528,Warilla
2330,Warkworth
2282,Warners Bay
2259,Warnervale
2752,Warragamba
2339,Warrah Creek
2074,Warrawee
2502,Warrawong
2447,Warrell Creek
2824,Warren
2102,Warriewood
2102,Warriewood Dc
2102,Warriewood Shopping Square
2774,Warrimoo
2100,Warringah Mall
2429,Warriwillah
2828,Warrumbungle
2170,Warwick Farm
2425,Washpool
2259,Watanobbi
2233,Waterfall
2017,Waterloo
2017,Waterloo Dc
2460,Waterview Heights
2030,Watsons Bay
2355,Watsons Creek
2535,Wattamolla
2794,Wattamondara
2795,Wattle Flat
2173,Wattle Grove
2446,Wauchope
2024,Waverley
2060,Waverton
2560,Wedderburn
2582,Wee Jasper
2388,Wee Waa
2395,Weetaliba
2669,Weethalle
2839,Weilmoringle
2575,Welby
2820,Wellington
2250,Wendoree Park
2648,Wentworth
2782,Wentworth Falls
2145,Wentworthville
2570,Werombi
2534,Werri Beach
2747,Werrington
2747,Werrington County
2747,Werrington Downs
2341,Werris Creek
2350,West Armidale
2795,West Bathurst
1515,West Chatswood
2443,West Haven
2171,West Hoxton
2125,West Pennant Hills
2073,West Pymble
1685,West Ryde
2114,West Ryde
2340,West Tamworth
2286,West Wallsend
2671,West Wyalong
2340,Westdale
2826,Western Plains Msc
2048,Westgate
2120,Westleigh
2145,Westmead
2326,Weston
2794,Westville
2164,Wetherill Park
1851,Wetherill Park Dc
2770,Whalan
2107,Whale Beach
2097,Wheeler Heights
2429,Wherrol Flat
2480,Whian Whian
2836,White Cliffs
2290,Whitebridge
2705,Whitton
2474,Wiangaree
2293,Wickham
2680,Widgelli
2756,Wilberforce
2850,Wilbetree
2836,Wilcannia
2577,Wildes Meadow
2195,Wiley Park
2440,Willawarrin
2680,Willbriggie
2620,Williamsdale
2318,Williamtown
2314,Williamtown Raaf
2423,Willina
2770,Willmot
2068,Willoughby
2339,Willow Tree
2571,Wilton
2795,Wimbledon
2324,Winda Woppa
2306,Windale
2528,Windang
2850,Windeyer
2756,Windsor
2460,Winegrove
2099,Wingala
2579,Wingello
2337,Wingen
2429,Wingham
2777,Winmalee
2153,Winston Hills
2803,Wirrimah
2871,Wirrinya
2795,Wisemans Creek
2775,Wisemans Ferry
2850,Wollar
2205,Wolli Creek
2325,Wollombi
2350,Wollomombi
2477,Wollongbar
2500,Wollongong
2520,Wollongong
2065,Wollstonecraft
2354,Wollun
2550,Wolumla
2515,Wombarra
2587,Wombat
2580,Wombeyan Caves
2731,Womboota
2551,Wonboyn
2551,Wonboyn Lake
2729,Wondalga
2831,Wongarbon
2530,Wongawilli
2322,Woodberry
2560,Woodbine
2472,Woodburn
2767,Woodcroft
2476,Woodenbong
2463,Woodford
2778,Woodford
2535,Woodhill
2580,Woodhouselee
2536,Woodlands
2284,Woodrising
2793,Woodstock
2470,Woodview
2321,Woodville
2354,Woolbrook
2456,Woolgoolga
2456,Woolgoolga Dc
2462,Wooli
1350,Woollahra
2025,Woollahra
2540,Woollamia
2011,Woolloomooloo
2340,Woolomin
2337,Woolooma
2230,Woolooware
2110,Woolwich
2644,Woomargama
2517,Woonona
2423,Wootton
2232,Woronora
2233,Woronora Heights
2540,Worrigee
2256,Woy Woy
2540,Wrights Beach
2671,Wyalong
2808,Wyangala Dam
2333,Wybong
2259,Wyee
2372,Wylie Creek
2550,Wyndham
2250,Wyoming
2259,Wyong
2259,Wyongah
2480,Wyrallah
2199,Yagoona
2199,Yagoona West
2580,Yalbraith
2530,Yallah
2540,Yalwal
2464,Yamba
2703,Yanco
2574,Yanderra
2840,Yantabulla
2629,Yaouk
2580,Yarra
2875,Yarrabandi
2259,Yarramalong
2753,Yarramundi
2233,Yarrawarrah
2850,Yarrawonga
2264,Yarrawonga Park
2582,Yass
2251,Yattalunga
2539,Yatteyattah
2483,Yelgun
2777,Yellow Rock
2681,Yenda
2161,Yennora
2868,Yeoval
2642,Yerong Creek
2575,Yerrinbool
2795,Yetholme
2410,Yetman
2680,Yoogali
2594,Young
2228,Yowie Bay
2550,Yowrie
2017,Zetland
